Copyright 1986-2022 Xilinx, Inc. All Rights Reserved. Copyright 2022-2024 Advanced Micro Devices, Inc. All Rights Reserved.
---------------------------------------------------------------------------------------------------------------------------------------------
| Tool Version : Vivado v.2024.2 (win64) Build 5239630 Fri Nov 08 22:35:27 MST 2024
| Date         : Wed Aug 12 02:17:01 2026
| Host         : lohithprapoorna running 64-bit major release  (build 9200)
| Command      : report_timing_summary -file synth/reports/iterative_timing_summary.rpt -max_paths 10
| Design       : cordic_top
| Device       : 7a35t-cpg236
| Speed File   : -1  PRODUCTION 1.23 2018-06-13
| Design State : Synthesized
---------------------------------------------------------------------------------------------------------------------------------------------

Timing Summary Report

------------------------------------------------------------------------------------------------
| Timer Settings
| --------------
------------------------------------------------------------------------------------------------

  Enable Multi Corner Analysis               :  Yes
  Enable Pessimism Removal                   :  Yes
  Pessimism Removal Resolution               :  Nearest Common Node
  Enable Input Delay Default Clock           :  No
  Enable Preset / Clear Arcs                 :  No
  Disable Flight Delays                      :  No
  Ignore I/O Paths                           :  No
  Timing Early Launch at Borrowing Latches   :  No
  Borrow Time for Max Delay Exceptions       :  Yes
  Merge Timing Exceptions                    :  Yes
  Inter-SLR Compensation                     :  Conservative

  Corner  Analyze    Analyze    
  Name    Max Paths  Min Paths  
  ------  ---------  ---------  
  Slow    Yes        Yes        
  Fast    Yes        Yes        


------------------------------------------------------------------------------------------------
| Report Methodology
| ------------------
------------------------------------------------------------------------------------------------

No report available as report_methodology has not been run prior. Run report_methodology on the current design for the summary of methodology violations.



check_timing report

Table of Contents
-----------------
1. checking no_clock (0)
2. checking constant_clock (0)
3. checking pulse_width_clock (0)
4. checking unconstrained_internal_endpoints (0)
5. checking no_input_delay (50)
6. checking no_output_delay (49)
7. checking multiple_clock (0)
8. checking generated_clocks (0)
9. checking loops (0)
10. checking partial_input_delay (0)
11. checking partial_output_delay (0)
12. checking latch_loops (0)

1. checking no_clock (0)
------------------------
 There are 0 register/latch pins with no clock.


2. checking constant_clock (0)
------------------------------
 There are 0 register/latch pins with constant_clock.


3. checking pulse_width_clock (0)
---------------------------------
 There are 0 register/latch pins which need pulse_width check


4. checking unconstrained_internal_endpoints (0)
------------------------------------------------
 There are 0 pins that are not constrained for maximum delay.

 There are 0 pins that are not constrained for maximum delay due to constant clock.


5. checking no_input_delay (50)
-------------------------------
 There are 50 input ports with no input delay specified. (HIGH)

 There are 0 input ports with no input delay but user has a false path constraint.


6. checking no_output_delay (49)
--------------------------------
 There are 49 ports with no output delay specified. (HIGH)

 There are 0 ports with no output delay but user has a false path constraint

 There are 0 ports with no output delay but with a timing clock defined on it or propagating through it


7. checking multiple_clock (0)
------------------------------
 There are 0 register/latch pins with multiple clocks.


8. checking generated_clocks (0)
--------------------------------
 There are 0 generated clocks that are not connected to a clock source.


9. checking loops (0)
---------------------
 There are 0 combinational loops in the design.


10. checking partial_input_delay (0)
------------------------------------
 There are 0 input ports with partial input delay specified.


11. checking partial_output_delay (0)
-------------------------------------
 There are 0 ports with partial output delay specified.


12. checking latch_loops (0)
----------------------------
 There are 0 combinational latch loops in the design through latch input



------------------------------------------------------------------------------------------------
| Design Timing Summary
| ---------------------
------------------------------------------------------------------------------------------------

    WNS(ns)      TNS(ns)  TNS Failing Endpoints  TNS Total Endpoints      WHS(ns)      THS(ns)  THS Failing Endpoints  THS Total Endpoints     WPWS(ns)     TPWS(ns)  TPWS Failing Endpoints  TPWS Total Endpoints  
    -------      -------  ---------------------  -------------------      -------      -------  ---------------------  -------------------     --------     --------  ----------------------  --------------------  
      2.069        0.000                      0                  435        0.153        0.000                      0                  435        4.500        0.000                       0                   293  


All user specified timing constraints are met.


------------------------------------------------------------------------------------------------
| Clock Summary
| -------------
------------------------------------------------------------------------------------------------

Clock  Waveform(ns)       Period(ns)      Frequency(MHz)
-----  ------------       ----------      --------------
clk    {0.000 5.000}      10.000          100.000         


------------------------------------------------------------------------------------------------
| Intra Clock Table
| -----------------
------------------------------------------------------------------------------------------------

Clock             WNS(ns)      TNS(ns)  TNS Failing Endpoints  TNS Total Endpoints      WHS(ns)      THS(ns)  THS Failing Endpoints  THS Total Endpoints     WPWS(ns)     TPWS(ns)  TPWS Failing Endpoints  TPWS Total Endpoints  
-----             -------      -------  ---------------------  -------------------      -------      -------  ---------------------  -------------------     --------     --------  ----------------------  --------------------  
clk                 2.069        0.000                      0                  435        0.153        0.000                      0                  435        4.500        0.000                       0                   293  


------------------------------------------------------------------------------------------------
| Inter Clock Table
| -----------------
------------------------------------------------------------------------------------------------

From Clock    To Clock          WNS(ns)      TNS(ns)  TNS Failing Endpoints  TNS Total Endpoints      WHS(ns)      THS(ns)  THS Failing Endpoints  THS Total Endpoints  
----------    --------          -------      -------  ---------------------  -------------------      -------      -------  ---------------------  -------------------  


------------------------------------------------------------------------------------------------
| Other Path Groups Table
| -----------------------
------------------------------------------------------------------------------------------------

Path Group    From Clock    To Clock          WNS(ns)      TNS(ns)  TNS Failing Endpoints  TNS Total Endpoints      WHS(ns)      THS(ns)  THS Failing Endpoints  THS Total Endpoints  
----------    ----------    --------          -------      -------  ---------------------  -------------------      -------      -------  ---------------------  -------------------  


------------------------------------------------------------------------------------------------
| Timing Details
| --------------
------------------------------------------------------------------------------------------------


---------------------------------------------------------------------------------------------------
From Clock:  clk
  To Clock:  clk

Setup :            0  Failing Endpoints,  Worst Slack        2.069ns,  Total Violation        0.000ns
Hold  :            0  Failing Endpoints,  Worst Slack        0.153ns,  Total Violation        0.000ns
PW    :            0  Failing Endpoints,  Worst Slack        4.500ns,  Total Violation        0.000ns
---------------------------------------------------------------------------------------------------


Max Delay Paths
--------------------------------------------------------------------------------------
Slack (MET) :             2.069ns  (required time - arrival time)
  Source:                 ci/y_reg[15]/C
                            (rising edge-triggered cell FDRE clocked by clk  {rise@0.000ns fall@5.000ns period=10.000ns})
  Destination:            x_shift_b_r_reg[22]/D
                            (rising edge-triggered cell FDRE clocked by clk  {rise@0.000ns fall@5.000ns period=10.000ns})
  Path Group:             clk
  Path Type:              Setup (Max at Slow Process Corner)
  Requirement:            10.000ns  (clk rise@10.000ns - clk rise@0.000ns)
  Data Path Delay:        7.827ns  (logic 3.437ns (43.912%)  route 4.390ns (56.088%))
  Logic Levels:           12  (CARRY4=5 LUT2=1 LUT3=1 LUT5=2 LUT6=3)
  Clock Path Skew:        -0.145ns (DCD - SCD + CPR)
    Destination Clock Delay (DCD):    2.079ns = ( 12.079 - 10.000 ) 
    Source Clock Delay      (SCD):    2.402ns
    Clock Pessimism Removal (CPR):    0.178ns
  Clock Uncertainty:      0.035ns  ((TSJ^2 + TIJ^2)^1/2 + DJ) / 2 + PE
    Total System Jitter     (TSJ):    0.071ns
    Total Input Jitter      (TIJ):    0.000ns
    Discrete Jitter          (DJ):    0.000ns
    Phase Error              (PE):    0.000ns

    Location             Delay type                Incr(ns)  Path(ns)    Netlist Resource(s)
  -------------------------------------------------------------------    -------------------
                         (clock clk rise edge)        0.000     0.000 r  
                                                      0.000     0.000 r  clk (IN)
                         net (fo=0)                   0.000     0.000    clk
                         IBUF (Prop_ibuf_I_O)         0.923     0.923 r  clk_IBUF_inst/O
                         net (fo=1, unplaced)         0.800     1.722    clk_IBUF
                         BUFG (Prop_bufg_I_O)         0.096     1.818 r  clk_IBUF_BUFG_inst/O
                         net (fo=292, unplaced)       0.584     2.402    ci/CLK
                         FDRE                                         r  ci/y_reg[15]/C
  -------------------------------------------------------------------    -------------------
                         FDRE (Prop_fdre_C_Q)         0.478     2.880 r  ci/y_reg[15]/Q
                         net (fo=27, unplaced)        1.032     3.912    ci/cs/y_reg[15]
                         LUT6 (Prop_lut6_I0_O)        0.295     4.207 r  ci/cs/x_next0_carry_i_11/O
                         net (fo=2, unplaced)         0.430     4.637    ci/cs/x_next0_carry_i_11_n_0
                         LUT3 (Prop_lut3_I0_O)        0.150     4.787 r  ci/cs/x_next0_carry_i_8/O
                         net (fo=3, unplaced)         0.467     5.254    ci/cs/counter_reg_1_sn_1
                         LUT6 (Prop_lut6_I5_O)        0.124     5.378 r  ci/cs/x_next0_carry_i_9/O
                         net (fo=3, unplaced)         0.467     5.845    ci/cs/p_0_out[0]
                         LUT2 (Prop_lut2_I1_O)        0.124     5.969 r  ci/cs/x_next0_carry_i_4/O
                         net (fo=1, unplaced)         0.000     5.969    ci/cs/x_next0_carry_i_4_n_0
                         CARRY4 (Prop_carry4_S[0]_CO[3])
                                                      0.513     6.482 r  ci/cs/x_next0_carry/CO[3]
                         net (fo=1, unplaced)         0.009     6.491    ci/cs/x_next0_carry_n_0
                         CARRY4 (Prop_carry4_CI_CO[3])
                                                      0.117     6.608 r  ci/cs/x_next0_carry__0/CO[3]
                         net (fo=1, unplaced)         0.000     6.608    ci/cs/x_next0_carry__0_n_0
                         CARRY4 (Prop_carry4_CI_O[1])
                                                      0.337     6.945 r  ci/cs/x_next0_carry__1/O[1]
                         net (fo=28, unplaced)        1.065     8.010    ci/cs/x_next0_carry__1_n_6
                         LUT6 (Prop_lut6_I3_O)        0.306     8.316 r  ci/cs/x_shift_b_r[21]_i_9/O
                         net (fo=2, unplaced)         0.460     8.776    ci/cs/x_shift_b_r[21]_i_9_n_0
                         LUT5 (Prop_lut5_I0_O)        0.124     8.900 r  ci/cs/x_shift_b_r[21]_i_4/O
                         net (fo=2, unplaced)         0.460     9.360    ci/cs/x_shift_b_r[21]_i_4_n_0
                         LUT5 (Prop_lut5_I4_O)        0.124     9.484 r  ci/cs/x_shift_b_r[21]_i_8/O
                         net (fo=1, unplaced)         0.000     9.484    ci/cs/x_shift_b_r[21]_i_8_n_0
                         CARRY4 (Prop_carry4_S[0]_CO[3])
                                                      0.513     9.997 r  ci/cs/x_shift_b_r_reg[21]_i_1/CO[3]
                         net (fo=1, unplaced)         0.000     9.997    ci/cs/x_shift_b_r_reg[21]_i_1_n_0
                         CARRY4 (Prop_carry4_CI_O[0])
                                                      0.232    10.229 r  ci/cs/x_shift_b_r_reg[22]_i_1/O[0]
                         net (fo=1, unplaced)         0.000    10.229    x_shift_b[22]
                         FDRE                                         r  x_shift_b_r_reg[22]/D
  -------------------------------------------------------------------    -------------------

                         (clock clk rise edge)       10.000    10.000 r  
                                                      0.000    10.000 r  clk (IN)
                         net (fo=0)                   0.000    10.000    clk
                         IBUF (Prop_ibuf_I_O)         0.789    10.789 r  clk_IBUF_inst/O
                         net (fo=1, unplaced)         0.760    11.549    clk_IBUF
                         BUFG (Prop_bufg_I_O)         0.091    11.640 r  clk_IBUF_BUFG_inst/O
                         net (fo=292, unplaced)       0.439    12.079    clk_IBUF_BUFG
                         FDRE                                         r  x_shift_b_r_reg[22]/C
                         clock pessimism              0.178    12.257    
                         clock uncertainty           -0.035    12.222    
                         FDRE (Setup_fdre_C_D)        0.076    12.298    x_shift_b_r_reg[22]
  -------------------------------------------------------------------
                         required time                         12.298    
                         arrival time                         -10.229    
  -------------------------------------------------------------------
                         slack                                  2.069    

Slack (MET) :             2.076ns  (required time - arrival time)
  Source:                 ci/x_reg[15]/C
                            (rising edge-triggered cell FDRE clocked by clk  {rise@0.000ns fall@5.000ns period=10.000ns})
  Destination:            y_shift_b_r_reg[22]/D
                            (rising edge-triggered cell FDRE clocked by clk  {rise@0.000ns fall@5.000ns period=10.000ns})
  Path Group:             clk
  Path Type:              Setup (Max at Slow Process Corner)
  Requirement:            10.000ns  (clk rise@10.000ns - clk rise@0.000ns)
  Data Path Delay:        7.820ns  (logic 3.437ns (43.951%)  route 4.383ns (56.049%))
  Logic Levels:           12  (CARRY4=5 LUT2=1 LUT3=1 LUT5=2 LUT6=3)
  Clock Path Skew:        -0.145ns (DCD - SCD + CPR)
    Destination Clock Delay (DCD):    2.079ns = ( 12.079 - 10.000 ) 
    Source Clock Delay      (SCD):    2.402ns
    Clock Pessimism Removal (CPR):    0.178ns
  Clock Uncertainty:      0.035ns  ((TSJ^2 + TIJ^2)^1/2 + DJ) / 2 + PE
    Total System Jitter     (TSJ):    0.071ns
    Total Input Jitter      (TIJ):    0.000ns
    Discrete Jitter          (DJ):    0.000ns
    Phase Error              (PE):    0.000ns

    Location             Delay type                Incr(ns)  Path(ns)    Netlist Resource(s)
  -------------------------------------------------------------------    -------------------
                         (clock clk rise edge)        0.000     0.000 r  
                                                      0.000     0.000 r  clk (IN)
                         net (fo=0)                   0.000     0.000    clk
                         IBUF (Prop_ibuf_I_O)         0.923     0.923 r  clk_IBUF_inst/O
                         net (fo=1, unplaced)         0.800     1.722    clk_IBUF
                         BUFG (Prop_bufg_I_O)         0.096     1.818 r  clk_IBUF_BUFG_inst/O
                         net (fo=292, unplaced)       0.584     2.402    ci/CLK
                         FDRE                                         r  ci/x_reg[15]/C
  -------------------------------------------------------------------    -------------------
                         FDRE (Prop_fdre_C_Q)         0.478     2.880 r  ci/x_reg[15]/Q
                         net (fo=20, unplaced)        1.025     3.905    ci/cs/x_reg[15]
                         LUT6 (Prop_lut6_I0_O)        0.295     4.200 r  ci/cs/y_next0_carry_i_12/O
                         net (fo=2, unplaced)         0.430     4.630    ci/cs/y_next0_carry_i_12_n_0
                         LUT3 (Prop_lut3_I0_O)        0.150     4.780 r  ci/cs/y_next0_carry_i_9/O
                         net (fo=3, unplaced)         0.467     5.247    ci/cs/counter_reg[1]_7
                         LUT6 (Prop_lut6_I5_O)        0.124     5.371 r  ci/cs/y_next0_carry_i_10/O
                         net (fo=3, unplaced)         0.467     5.838    ci/cs/counter_reg[1]_15
                         LUT2 (Prop_lut2_I1_O)        0.124     5.962 r  ci/cs/y_next0_carry_i_5/O
                         net (fo=1, unplaced)         0.000     5.962    ci/cs/y_next0_carry_i_5_n_0
                         CARRY4 (Prop_carry4_S[0]_CO[3])
                                                      0.513     6.475 r  ci/cs/y_next0_carry/CO[3]
                         net (fo=1, unplaced)         0.009     6.484    ci/cs/y_next0_carry_n_0
                         CARRY4 (Prop_carry4_CI_CO[3])
                                                      0.117     6.601 r  ci/cs/y_next0_carry__0/CO[3]
                         net (fo=1, unplaced)         0.000     6.601    ci/cs/y_next0_carry__0_n_0
                         CARRY4 (Prop_carry4_CI_O[1])
                                                      0.337     6.938 r  ci/cs/y_next0_carry__1/O[1]
                         net (fo=28, unplaced)        1.065     8.003    ci/cs/y_next0_carry__1_n_6
                         LUT6 (Prop_lut6_I3_O)        0.306     8.309 r  ci/cs/y_shift_b_r[21]_i_9/O
                         net (fo=2, unplaced)         0.460     8.769    ci/cs/y_shift_b_r[21]_i_9_n_0
                         LUT5 (Prop_lut5_I0_O)        0.124     8.893 r  ci/cs/y_shift_b_r[21]_i_4/O
                         net (fo=2, unplaced)         0.460     9.353    ci/cs/y_shift_b_r[21]_i_4_n_0
                         LUT5 (Prop_lut5_I4_O)        0.124     9.477 r  ci/cs/y_shift_b_r[21]_i_8/O
                         net (fo=1, unplaced)         0.000     9.477    ci/cs/y_shift_b_r[21]_i_8_n_0
                         CARRY4 (Prop_carry4_S[0]_CO[3])
                                                      0.513     9.990 r  ci/cs/y_shift_b_r_reg[21]_i_1/CO[3]
                         net (fo=1, unplaced)         0.000     9.990    ci/cs/y_shift_b_r_reg[21]_i_1_n_0
                         CARRY4 (Prop_carry4_CI_O[0])
                                                      0.232    10.222 r  ci/cs/y_shift_b_r_reg[22]_i_1/O[0]
                         net (fo=1, unplaced)         0.000    10.222    y_shift_b[22]
                         FDRE                                         r  y_shift_b_r_reg[22]/D
  -------------------------------------------------------------------    -------------------

                         (clock clk rise edge)       10.000    10.000 r  
                                                      0.000    10.000 r  clk (IN)
                         net (fo=0)                   0.000    10.000    clk
                         IBUF (Prop_ibuf_I_O)         0.789    10.789 r  clk_IBUF_inst/O
                         net (fo=1, unplaced)         0.760    11.549    clk_IBUF
                         BUFG (Prop_bufg_I_O)         0.091    11.640 r  clk_IBUF_BUFG_inst/O
                         net (fo=292, unplaced)       0.439    12.079    clk_IBUF_BUFG
                         FDRE                                         r  y_shift_b_r_reg[22]/C
                         clock pessimism              0.178    12.257    
                         clock uncertainty           -0.035    12.222    
                         FDRE (Setup_fdre_C_D)        0.076    12.298    y_shift_b_r_reg[22]
  -------------------------------------------------------------------
                         required time                         12.298    
                         arrival time                         -10.222    
  -------------------------------------------------------------------
                         slack                                  2.076    

Slack (MET) :             2.192ns  (required time - arrival time)
  Source:                 ci/y_reg[15]/C
                            (rising edge-triggered cell FDRE clocked by clk  {rise@0.000ns fall@5.000ns period=10.000ns})
  Destination:            x_shift_b_r_reg[19]/D
                            (rising edge-triggered cell FDRE clocked by clk  {rise@0.000ns fall@5.000ns period=10.000ns})
  Path Group:             clk
  Path Type:              Setup (Max at Slow Process Corner)
  Requirement:            10.000ns  (clk rise@10.000ns - clk rise@0.000ns)
  Data Path Delay:        7.704ns  (logic 3.301ns (42.848%)  route 4.403ns (57.152%))
  Logic Levels:           11  (CARRY4=5 LUT2=1 LUT3=1 LUT5=1 LUT6=3)
  Clock Path Skew:        -0.145ns (DCD - SCD + CPR)
    Destination Clock Delay (DCD):    2.079ns = ( 12.079 - 10.000 ) 
    Source Clock Delay      (SCD):    2.402ns
    Clock Pessimism Removal (CPR):    0.178ns
  Clock Uncertainty:      0.035ns  ((TSJ^2 + TIJ^2)^1/2 + DJ) / 2 + PE
    Total System Jitter     (TSJ):    0.071ns
    Total Input Jitter      (TIJ):    0.000ns
    Discrete Jitter          (DJ):    0.000ns
    Phase Error              (PE):    0.000ns

    Location             Delay type                Incr(ns)  Path(ns)    Netlist Resource(s)
  -------------------------------------------------------------------    -------------------
                         (clock clk rise edge)        0.000     0.000 r  
                                                      0.000     0.000 r  clk (IN)
                         net (fo=0)                   0.000     0.000    clk
                         IBUF (Prop_ibuf_I_O)         0.923     0.923 r  clk_IBUF_inst/O
                         net (fo=1, unplaced)         0.800     1.722    clk_IBUF
                         BUFG (Prop_bufg_I_O)         0.096     1.818 r  clk_IBUF_BUFG_inst/O
                         net (fo=292, unplaced)       0.584     2.402    ci/CLK
                         FDRE                                         r  ci/y_reg[15]/C
  -------------------------------------------------------------------    -------------------
                         FDRE (Prop_fdre_C_Q)         0.478     2.880 r  ci/y_reg[15]/Q
                         net (fo=27, unplaced)        1.032     3.912    ci/cs/y_reg[15]
                         LUT6 (Prop_lut6_I0_O)        0.295     4.207 r  ci/cs/x_next0_carry_i_11/O
                         net (fo=2, unplaced)         0.430     4.637    ci/cs/x_next0_carry_i_11_n_0
                         LUT3 (Prop_lut3_I0_O)        0.150     4.787 r  ci/cs/x_next0_carry_i_8/O
                         net (fo=3, unplaced)         0.467     5.254    ci/cs/counter_reg_1_sn_1
                         LUT6 (Prop_lut6_I5_O)        0.124     5.378 r  ci/cs/x_next0_carry_i_9/O
                         net (fo=3, unplaced)         0.467     5.845    ci/cs/p_0_out[0]
                         LUT2 (Prop_lut2_I1_O)        0.124     5.969 r  ci/cs/x_next0_carry_i_4/O
                         net (fo=1, unplaced)         0.000     5.969    ci/cs/x_next0_carry_i_4_n_0
                         CARRY4 (Prop_carry4_S[0]_CO[3])
                                                      0.513     6.482 r  ci/cs/x_next0_carry/CO[3]
                         net (fo=1, unplaced)         0.009     6.491    ci/cs/x_next0_carry_n_0
                         CARRY4 (Prop_carry4_CI_CO[3])
                                                      0.117     6.608 r  ci/cs/x_next0_carry__0/CO[3]
                         net (fo=1, unplaced)         0.000     6.608    ci/cs/x_next0_carry__0_n_0
                         CARRY4 (Prop_carry4_CI_O[1])
                                                      0.337     6.945 r  ci/cs/x_next0_carry__1/O[1]
                         net (fo=28, unplaced)        1.065     8.010    ci/cs/x_next0_carry__1_n_6
                         LUT6 (Prop_lut6_I3_O)        0.306     8.316 r  ci/cs/x_shift_b_r[21]_i_9/O
                         net (fo=2, unplaced)         0.460     8.776    ci/cs/x_shift_b_r[21]_i_9_n_0
                         LUT5 (Prop_lut5_I0_O)        0.124     8.900 r  ci/cs/x_shift_b_r[17]_i_2/O
                         net (fo=1, unplaced)         0.473     9.373    ci/cs/x_shift_b_r[17]_i_2_n_0
                         CARRY4 (Prop_carry4_DI[3]_CO[3])
                                                      0.396     9.769 r  ci/cs/x_shift_b_r_reg[17]_i_1/CO[3]
                         net (fo=1, unplaced)         0.000     9.769    ci/cs/x_shift_b_r_reg[17]_i_1_n_0
                         CARRY4 (Prop_carry4_CI_O[1])
                                                      0.337    10.106 r  ci/cs/x_shift_b_r_reg[21]_i_1/O[1]
                         net (fo=1, unplaced)         0.000    10.106    x_shift_b[19]
                         FDRE                                         r  x_shift_b_r_reg[19]/D
  -------------------------------------------------------------------    -------------------

                         (clock clk rise edge)       10.000    10.000 r  
                                                      0.000    10.000 r  clk (IN)
                         net (fo=0)                   0.000    10.000    clk
                         IBUF (Prop_ibuf_I_O)         0.789    10.789 r  clk_IBUF_inst/O
                         net (fo=1, unplaced)         0.760    11.549    clk_IBUF
                         BUFG (Prop_bufg_I_O)         0.091    11.640 r  clk_IBUF_BUFG_inst/O
                         net (fo=292, unplaced)       0.439    12.079    clk_IBUF_BUFG
                         FDRE                                         r  x_shift_b_r_reg[19]/C
                         clock pessimism              0.178    12.257    
                         clock uncertainty           -0.035    12.222    
                         FDRE (Setup_fdre_C_D)        0.076    12.298    x_shift_b_r_reg[19]
  -------------------------------------------------------------------
                         required time                         12.298    
                         arrival time                         -10.106    
  -------------------------------------------------------------------
                         slack                                  2.192    

Slack (MET) :             2.198ns  (required time - arrival time)
  Source:                 ci/y_reg[15]/C
                            (rising edge-triggered cell FDRE clocked by clk  {rise@0.000ns fall@5.000ns period=10.000ns})
  Destination:            x_shift_b_r_reg[21]/D
                            (rising edge-triggered cell FDRE clocked by clk  {rise@0.000ns fall@5.000ns period=10.000ns})
  Path Group:             clk
  Path Type:              Setup (Max at Slow Process Corner)
  Requirement:            10.000ns  (clk rise@10.000ns - clk rise@0.000ns)
  Data Path Delay:        7.698ns  (logic 3.295ns (42.803%)  route 4.403ns (57.197%))
  Logic Levels:           11  (CARRY4=5 LUT2=1 LUT3=1 LUT5=1 LUT6=3)
  Clock Path Skew:        -0.145ns (DCD - SCD + CPR)
    Destination Clock Delay (DCD):    2.079ns = ( 12.079 - 10.000 ) 
    Source Clock Delay      (SCD):    2.402ns
    Clock Pessimism Removal (CPR):    0.178ns
  Clock Uncertainty:      0.035ns  ((TSJ^2 + TIJ^2)^1/2 + DJ) / 2 + PE
    Total System Jitter     (TSJ):    0.071ns
    Total Input Jitter      (TIJ):    0.000ns
    Discrete Jitter          (DJ):    0.000ns
    Phase Error              (PE):    0.000ns

    Location             Delay type                Incr(ns)  Path(ns)    Netlist Resource(s)
  -------------------------------------------------------------------    -------------------
                         (clock clk rise edge)        0.000     0.000 r  
                                                      0.000     0.000 r  clk (IN)
                         net (fo=0)                   0.000     0.000    clk
                         IBUF (Prop_ibuf_I_O)         0.923     0.923 r  clk_IBUF_inst/O
                         net (fo=1, unplaced)         0.800     1.722    clk_IBUF
                         BUFG (Prop_bufg_I_O)         0.096     1.818 r  clk_IBUF_BUFG_inst/O
                         net (fo=292, unplaced)       0.584     2.402    ci/CLK
                         FDRE                                         r  ci/y_reg[15]/C
  -------------------------------------------------------------------    -------------------
                         FDRE (Prop_fdre_C_Q)         0.478     2.880 r  ci/y_reg[15]/Q
                         net (fo=27, unplaced)        1.032     3.912    ci/cs/y_reg[15]
                         LUT6 (Prop_lut6_I0_O)        0.295     4.207 r  ci/cs/x_next0_carry_i_11/O
                         net (fo=2, unplaced)         0.430     4.637    ci/cs/x_next0_carry_i_11_n_0
                         LUT3 (Prop_lut3_I0_O)        0.150     4.787 r  ci/cs/x_next0_carry_i_8/O
                         net (fo=3, unplaced)         0.467     5.254    ci/cs/counter_reg_1_sn_1
                         LUT6 (Prop_lut6_I5_O)        0.124     5.378 r  ci/cs/x_next0_carry_i_9/O
                         net (fo=3, unplaced)         0.467     5.845    ci/cs/p_0_out[0]
                         LUT2 (Prop_lut2_I1_O)        0.124     5.969 r  ci/cs/x_next0_carry_i_4/O
                         net (fo=1, unplaced)         0.000     5.969    ci/cs/x_next0_carry_i_4_n_0
                         CARRY4 (Prop_carry4_S[0]_CO[3])
                                                      0.513     6.482 r  ci/cs/x_next0_carry/CO[3]
                         net (fo=1, unplaced)         0.009     6.491    ci/cs/x_next0_carry_n_0
                         CARRY4 (Prop_carry4_CI_CO[3])
                                                      0.117     6.608 r  ci/cs/x_next0_carry__0/CO[3]
                         net (fo=1, unplaced)         0.000     6.608    ci/cs/x_next0_carry__0_n_0
                         CARRY4 (Prop_carry4_CI_O[1])
                                                      0.337     6.945 r  ci/cs/x_next0_carry__1/O[1]
                         net (fo=28, unplaced)        1.065     8.010    ci/cs/x_next0_carry__1_n_6
                         LUT6 (Prop_lut6_I3_O)        0.306     8.316 r  ci/cs/x_shift_b_r[21]_i_9/O
                         net (fo=2, unplaced)         0.460     8.776    ci/cs/x_shift_b_r[21]_i_9_n_0
                         LUT5 (Prop_lut5_I0_O)        0.124     8.900 r  ci/cs/x_shift_b_r[17]_i_2/O
                         net (fo=1, unplaced)         0.473     9.373    ci/cs/x_shift_b_r[17]_i_2_n_0
                         CARRY4 (Prop_carry4_DI[3]_CO[3])
                                                      0.396     9.769 r  ci/cs/x_shift_b_r_reg[17]_i_1/CO[3]
                         net (fo=1, unplaced)         0.000     9.769    ci/cs/x_shift_b_r_reg[17]_i_1_n_0
                         CARRY4 (Prop_carry4_CI_O[3])
                                                      0.331    10.100 r  ci/cs/x_shift_b_r_reg[21]_i_1/O[3]
                         net (fo=1, unplaced)         0.000    10.100    x_shift_b[21]
                         FDRE                                         r  x_shift_b_r_reg[21]/D
  -------------------------------------------------------------------    -------------------

                         (clock clk rise edge)       10.000    10.000 r  
                                                      0.000    10.000 r  clk (IN)
                         net (fo=0)                   0.000    10.000    clk
                         IBUF (Prop_ibuf_I_O)         0.789    10.789 r  clk_IBUF_inst/O
                         net (fo=1, unplaced)         0.760    11.549    clk_IBUF
                         BUFG (Prop_bufg_I_O)         0.091    11.640 r  clk_IBUF_BUFG_inst/O
                         net (fo=292, unplaced)       0.439    12.079    clk_IBUF_BUFG
                         FDRE                                         r  x_shift_b_r_reg[21]/C
                         clock pessimism              0.178    12.257    
                         clock uncertainty           -0.035    12.222    
                         FDRE (Setup_fdre_C_D)        0.076    12.298    x_shift_b_r_reg[21]
  -------------------------------------------------------------------
                         required time                         12.298    
                         arrival time                         -10.100    
  -------------------------------------------------------------------
                         slack                                  2.198    

Slack (MET) :             2.199ns  (required time - arrival time)
  Source:                 ci/x_reg[15]/C
                            (rising edge-triggered cell FDRE clocked by clk  {rise@0.000ns fall@5.000ns period=10.000ns})
  Destination:            y_shift_b_r_reg[19]/D
                            (rising edge-triggered cell FDRE clocked by clk  {rise@0.000ns fall@5.000ns period=10.000ns})
  Path Group:             clk
  Path Type:              Setup (Max at Slow Process Corner)
  Requirement:            10.000ns  (clk rise@10.000ns - clk rise@0.000ns)
  Data Path Delay:        7.697ns  (logic 3.301ns (42.887%)  route 4.396ns (57.113%))
  Logic Levels:           11  (CARRY4=5 LUT2=1 LUT3=1 LUT5=1 LUT6=3)
  Clock Path Skew:        -0.145ns (DCD - SCD + CPR)
    Destination Clock Delay (DCD):    2.079ns = ( 12.079 - 10.000 ) 
    Source Clock Delay      (SCD):    2.402ns
    Clock Pessimism Removal (CPR):    0.178ns
  Clock Uncertainty:      0.035ns  ((TSJ^2 + TIJ^2)^1/2 + DJ) / 2 + PE
    Total System Jitter     (TSJ):    0.071ns
    Total Input Jitter      (TIJ):    0.000ns
    Discrete Jitter          (DJ):    0.000ns
    Phase Error              (PE):    0.000ns

    Location             Delay type                Incr(ns)  Path(ns)    Netlist Resource(s)
  -------------------------------------------------------------------    -------------------
                         (clock clk rise edge)        0.000     0.000 r  
                                                      0.000     0.000 r  clk (IN)
                         net (fo=0)                   0.000     0.000    clk
                         IBUF (Prop_ibuf_I_O)         0.923     0.923 r  clk_IBUF_inst/O
                         net (fo=1, unplaced)         0.800     1.722    clk_IBUF
                         BUFG (Prop_bufg_I_O)         0.096     1.818 r  clk_IBUF_BUFG_inst/O
                         net (fo=292, unplaced)       0.584     2.402    ci/CLK
                         FDRE                                         r  ci/x_reg[15]/C
  -------------------------------------------------------------------    -------------------
                         FDRE (Prop_fdre_C_Q)         0.478     2.880 r  ci/x_reg[15]/Q
                         net (fo=20, unplaced)        1.025     3.905    ci/cs/x_reg[15]
                         LUT6 (Prop_lut6_I0_O)        0.295     4.200 r  ci/cs/y_next0_carry_i_12/O
                         net (fo=2, unplaced)         0.430     4.630    ci/cs/y_next0_carry_i_12_n_0
                         LUT3 (Prop_lut3_I0_O)        0.150     4.780 r  ci/cs/y_next0_carry_i_9/O
                         net (fo=3, unplaced)         0.467     5.247    ci/cs/counter_reg[1]_7
                         LUT6 (Prop_lut6_I5_O)        0.124     5.371 r  ci/cs/y_next0_carry_i_10/O
                         net (fo=3, unplaced)         0.467     5.838    ci/cs/counter_reg[1]_15
                         LUT2 (Prop_lut2_I1_O)        0.124     5.962 r  ci/cs/y_next0_carry_i_5/O
                         net (fo=1, unplaced)         0.000     5.962    ci/cs/y_next0_carry_i_5_n_0
                         CARRY4 (Prop_carry4_S[0]_CO[3])
                                                      0.513     6.475 r  ci/cs/y_next0_carry/CO[3]
                         net (fo=1, unplaced)         0.009     6.484    ci/cs/y_next0_carry_n_0
                         CARRY4 (Prop_carry4_CI_CO[3])
                                                      0.117     6.601 r  ci/cs/y_next0_carry__0/CO[3]
                         net (fo=1, unplaced)         0.000     6.601    ci/cs/y_next0_carry__0_n_0
                         CARRY4 (Prop_carry4_CI_O[1])
                                                      0.337     6.938 r  ci/cs/y_next0_carry__1/O[1]
                         net (fo=28, unplaced)        1.065     8.003    ci/cs/y_next0_carry__1_n_6
                         LUT6 (Prop_lut6_I3_O)        0.306     8.309 r  ci/cs/y_shift_b_r[21]_i_9/O
                         net (fo=2, unplaced)         0.460     8.769    ci/cs/y_shift_b_r[21]_i_9_n_0
                         LUT5 (Prop_lut5_I0_O)        0.124     8.893 r  ci/cs/y_shift_b_r[17]_i_2/O
                         net (fo=1, unplaced)         0.473     9.366    ci/cs/y_shift_b_r[17]_i_2_n_0
                         CARRY4 (Prop_carry4_DI[3]_CO[3])
                                                      0.396     9.762 r  ci/cs/y_shift_b_r_reg[17]_i_1/CO[3]
                         net (fo=1, unplaced)         0.000     9.762    ci/cs/y_shift_b_r_reg[17]_i_1_n_0
                         CARRY4 (Prop_carry4_CI_O[1])
                                                      0.337    10.099 r  ci/cs/y_shift_b_r_reg[21]_i_1/O[1]
                         net (fo=1, unplaced)         0.000    10.099    y_shift_b[19]
                         FDRE                                         r  y_shift_b_r_reg[19]/D
  -------------------------------------------------------------------    -------------------

                         (clock clk rise edge)       10.000    10.000 r  
                                                      0.000    10.000 r  clk (IN)
                         net (fo=0)                   0.000    10.000    clk
                         IBUF (Prop_ibuf_I_O)         0.789    10.789 r  clk_IBUF_inst/O
                         net (fo=1, unplaced)         0.760    11.549    clk_IBUF
                         BUFG (Prop_bufg_I_O)         0.091    11.640 r  clk_IBUF_BUFG_inst/O
                         net (fo=292, unplaced)       0.439    12.079    clk_IBUF_BUFG
                         FDRE                                         r  y_shift_b_r_reg[19]/C
                         clock pessimism              0.178    12.257    
                         clock uncertainty           -0.035    12.222    
                         FDRE (Setup_fdre_C_D)        0.076    12.298    y_shift_b_r_reg[19]
  -------------------------------------------------------------------
                         required time                         12.298    
                         arrival time                         -10.099    
  -------------------------------------------------------------------
                         slack                                  2.199    

Slack (MET) :             2.205ns  (required time - arrival time)
  Source:                 ci/x_reg[15]/C
                            (rising edge-triggered cell FDRE clocked by clk  {rise@0.000ns fall@5.000ns period=10.000ns})
  Destination:            y_shift_b_r_reg[21]/D
                            (rising edge-triggered cell FDRE clocked by clk  {rise@0.000ns fall@5.000ns period=10.000ns})
  Path Group:             clk
  Path Type:              Setup (Max at Slow Process Corner)
  Requirement:            10.000ns  (clk rise@10.000ns - clk rise@0.000ns)
  Data Path Delay:        7.691ns  (logic 3.295ns (42.842%)  route 4.396ns (57.158%))
  Logic Levels:           11  (CARRY4=5 LUT2=1 LUT3=1 LUT5=1 LUT6=3)
  Clock Path Skew:        -0.145ns (DCD - SCD + CPR)
    Destination Clock Delay (DCD):    2.079ns = ( 12.079 - 10.000 ) 
    Source Clock Delay      (SCD):    2.402ns
    Clock Pessimism Removal (CPR):    0.178ns
  Clock Uncertainty:      0.035ns  ((TSJ^2 + TIJ^2)^1/2 + DJ) / 2 + PE
    Total System Jitter     (TSJ):    0.071ns
    Total Input Jitter      (TIJ):    0.000ns
    Discrete Jitter          (DJ):    0.000ns
    Phase Error              (PE):    0.000ns

    Location             Delay type                Incr(ns)  Path(ns)    Netlist Resource(s)
  -------------------------------------------------------------------    -------------------
                         (clock clk rise edge)        0.000     0.000 r  
                                                      0.000     0.000 r  clk (IN)
                         net (fo=0)                   0.000     0.000    clk
                         IBUF (Prop_ibuf_I_O)         0.923     0.923 r  clk_IBUF_inst/O
                         net (fo=1, unplaced)         0.800     1.722    clk_IBUF
                         BUFG (Prop_bufg_I_O)         0.096     1.818 r  clk_IBUF_BUFG_inst/O
                         net (fo=292, unplaced)       0.584     2.402    ci/CLK
                         FDRE                                         r  ci/x_reg[15]/C
  -------------------------------------------------------------------    -------------------
                         FDRE (Prop_fdre_C_Q)         0.478     2.880 r  ci/x_reg[15]/Q
                         net (fo=20, unplaced)        1.025     3.905    ci/cs/x_reg[15]
                         LUT6 (Prop_lut6_I0_O)        0.295     4.200 r  ci/cs/y_next0_carry_i_12/O
                         net (fo=2, unplaced)         0.430     4.630    ci/cs/y_next0_carry_i_12_n_0
                         LUT3 (Prop_lut3_I0_O)        0.150     4.780 r  ci/cs/y_next0_carry_i_9/O
                         net (fo=3, unplaced)         0.467     5.247    ci/cs/counter_reg[1]_7
                         LUT6 (Prop_lut6_I5_O)        0.124     5.371 r  ci/cs/y_next0_carry_i_10/O
                         net (fo=3, unplaced)         0.467     5.838    ci/cs/counter_reg[1]_15
                         LUT2 (Prop_lut2_I1_O)        0.124     5.962 r  ci/cs/y_next0_carry_i_5/O
                         net (fo=1, unplaced)         0.000     5.962    ci/cs/y_next0_carry_i_5_n_0
                         CARRY4 (Prop_carry4_S[0]_CO[3])
                                                      0.513     6.475 r  ci/cs/y_next0_carry/CO[3]
                         net (fo=1, unplaced)         0.009     6.484    ci/cs/y_next0_carry_n_0
                         CARRY4 (Prop_carry4_CI_CO[3])
                                                      0.117     6.601 r  ci/cs/y_next0_carry__0/CO[3]
                         net (fo=1, unplaced)         0.000     6.601    ci/cs/y_next0_carry__0_n_0
                         CARRY4 (Prop_carry4_CI_O[1])
                                                      0.337     6.938 r  ci/cs/y_next0_carry__1/O[1]
                         net (fo=28, unplaced)        1.065     8.003    ci/cs/y_next0_carry__1_n_6
                         LUT6 (Prop_lut6_I3_O)        0.306     8.309 r  ci/cs/y_shift_b_r[21]_i_9/O
                         net (fo=2, unplaced)         0.460     8.769    ci/cs/y_shift_b_r[21]_i_9_n_0
                         LUT5 (Prop_lut5_I0_O)        0.124     8.893 r  ci/cs/y_shift_b_r[17]_i_2/O
                         net (fo=1, unplaced)         0.473     9.366    ci/cs/y_shift_b_r[17]_i_2_n_0
                         CARRY4 (Prop_carry4_DI[3]_CO[3])
                                                      0.396     9.762 r  ci/cs/y_shift_b_r_reg[17]_i_1/CO[3]
                         net (fo=1, unplaced)         0.000     9.762    ci/cs/y_shift_b_r_reg[17]_i_1_n_0
                         CARRY4 (Prop_carry4_CI_O[3])
                                                      0.331    10.093 r  ci/cs/y_shift_b_r_reg[21]_i_1/O[3]
                         net (fo=1, unplaced)         0.000    10.093    y_shift_b[21]
                         FDRE                                         r  y_shift_b_r_reg[21]/D
  -------------------------------------------------------------------    -------------------

                         (clock clk rise edge)       10.000    10.000 r  
                                                      0.000    10.000 r  clk (IN)
                         net (fo=0)                   0.000    10.000    clk
                         IBUF (Prop_ibuf_I_O)         0.789    10.789 r  clk_IBUF_inst/O
                         net (fo=1, unplaced)         0.760    11.549    clk_IBUF
                         BUFG (Prop_bufg_I_O)         0.091    11.640 r  clk_IBUF_BUFG_inst/O
                         net (fo=292, unplaced)       0.439    12.079    clk_IBUF_BUFG
                         FDRE                                         r  y_shift_b_r_reg[21]/C
                         clock pessimism              0.178    12.257    
                         clock uncertainty           -0.035    12.222    
                         FDRE (Setup_fdre_C_D)        0.076    12.298    y_shift_b_r_reg[21]
  -------------------------------------------------------------------
                         required time                         12.298    
                         arrival time                         -10.093    
  -------------------------------------------------------------------
                         slack                                  2.205    

Slack (MET) :             2.270ns  (required time - arrival time)
  Source:                 ci/y_reg[15]/C
                            (rising edge-triggered cell FDRE clocked by clk  {rise@0.000ns fall@5.000ns period=10.000ns})
  Destination:            x_shift_b_r_reg[20]/D
                            (rising edge-triggered cell FDRE clocked by clk  {rise@0.000ns fall@5.000ns period=10.000ns})
  Path Group:             clk
  Path Type:              Setup (Max at Slow Process Corner)
  Requirement:            10.000ns  (clk rise@10.000ns - clk rise@0.000ns)
  Data Path Delay:        7.626ns  (logic 3.236ns (42.434%)  route 4.390ns (57.566%))
  Logic Levels:           11  (CARRY4=4 LUT2=1 LUT3=1 LUT5=2 LUT6=3)
  Clock Path Skew:        -0.145ns (DCD - SCD + CPR)
    Destination Clock Delay (DCD):    2.079ns = ( 12.079 - 10.000 ) 
    Source Clock Delay      (SCD):    2.402ns
    Clock Pessimism Removal (CPR):    0.178ns
  Clock Uncertainty:      0.035ns  ((TSJ^2 + TIJ^2)^1/2 + DJ) / 2 + PE
    Total System Jitter     (TSJ):    0.071ns
    Total Input Jitter      (TIJ):    0.000ns
    Discrete Jitter          (DJ):    0.000ns
    Phase Error              (PE):    0.000ns

    Location             Delay type                Incr(ns)  Path(ns)    Netlist Resource(s)
  -------------------------------------------------------------------    -------------------
                         (clock clk rise edge)        0.000     0.000 r  
                                                      0.000     0.000 r  clk (IN)
                         net (fo=0)                   0.000     0.000    clk
                         IBUF (Prop_ibuf_I_O)         0.923     0.923 r  clk_IBUF_inst/O
                         net (fo=1, unplaced)         0.800     1.722    clk_IBUF
                         BUFG (Prop_bufg_I_O)         0.096     1.818 r  clk_IBUF_BUFG_inst/O
                         net (fo=292, unplaced)       0.584     2.402    ci/CLK
                         FDRE                                         r  ci/y_reg[15]/C
  -------------------------------------------------------------------    -------------------
                         FDRE (Prop_fdre_C_Q)         0.478     2.880 r  ci/y_reg[15]/Q
                         net (fo=27, unplaced)        1.032     3.912    ci/cs/y_reg[15]
                         LUT6 (Prop_lut6_I0_O)        0.295     4.207 r  ci/cs/x_next0_carry_i_11/O
                         net (fo=2, unplaced)         0.430     4.637    ci/cs/x_next0_carry_i_11_n_0
                         LUT3 (Prop_lut3_I0_O)        0.150     4.787 r  ci/cs/x_next0_carry_i_8/O
                         net (fo=3, unplaced)         0.467     5.254    ci/cs/counter_reg_1_sn_1
                         LUT6 (Prop_lut6_I5_O)        0.124     5.378 r  ci/cs/x_next0_carry_i_9/O
                         net (fo=3, unplaced)         0.467     5.845    ci/cs/p_0_out[0]
                         LUT2 (Prop_lut2_I1_O)        0.124     5.969 r  ci/cs/x_next0_carry_i_4/O
                         net (fo=1, unplaced)         0.000     5.969    ci/cs/x_next0_carry_i_4_n_0
                         CARRY4 (Prop_carry4_S[0]_CO[3])
                                                      0.513     6.482 r  ci/cs/x_next0_carry/CO[3]
                         net (fo=1, unplaced)         0.009     6.491    ci/cs/x_next0_carry_n_0
                         CARRY4 (Prop_carry4_CI_CO[3])
                                                      0.117     6.608 r  ci/cs/x_next0_carry__0/CO[3]
                         net (fo=1, unplaced)         0.000     6.608    ci/cs/x_next0_carry__0_n_0
                         CARRY4 (Prop_carry4_CI_O[1])
                                                      0.337     6.945 r  ci/cs/x_next0_carry__1/O[1]
                         net (fo=28, unplaced)        1.065     8.010    ci/cs/x_next0_carry__1_n_6
                         LUT6 (Prop_lut6_I3_O)        0.306     8.316 r  ci/cs/x_shift_b_r[21]_i_9/O
                         net (fo=2, unplaced)         0.460     8.776    ci/cs/x_shift_b_r[21]_i_9_n_0
                         LUT5 (Prop_lut5_I0_O)        0.124     8.900 r  ci/cs/x_shift_b_r[21]_i_4/O
                         net (fo=2, unplaced)         0.460     9.360    ci/cs/x_shift_b_r[21]_i_4_n_0
                         LUT5 (Prop_lut5_I4_O)        0.124     9.484 r  ci/cs/x_shift_b_r[21]_i_8/O
                         net (fo=1, unplaced)         0.000     9.484    ci/cs/x_shift_b_r[21]_i_8_n_0
                         CARRY4 (Prop_carry4_S[0]_O[2])
                                                      0.544    10.028 r  ci/cs/x_shift_b_r_reg[21]_i_1/O[2]
                         net (fo=1, unplaced)         0.000    10.028    x_shift_b[20]
                         FDRE                                         r  x_shift_b_r_reg[20]/D
  -------------------------------------------------------------------    -------------------

                         (clock clk rise edge)       10.000    10.000 r  
                                                      0.000    10.000 r  clk (IN)
                         net (fo=0)                   0.000    10.000    clk
                         IBUF (Prop_ibuf_I_O)         0.789    10.789 r  clk_IBUF_inst/O
                         net (fo=1, unplaced)         0.760    11.549    clk_IBUF
                         BUFG (Prop_bufg_I_O)         0.091    11.640 r  clk_IBUF_BUFG_inst/O
                         net (fo=292, unplaced)       0.439    12.079    clk_IBUF_BUFG
                         FDRE                                         r  x_shift_b_r_reg[20]/C
                         clock pessimism              0.178    12.257    
                         clock uncertainty           -0.035    12.222    
                         FDRE (Setup_fdre_C_D)        0.076    12.298    x_shift_b_r_reg[20]
  -------------------------------------------------------------------
                         required time                         12.298    
                         arrival time                         -10.028    
  -------------------------------------------------------------------
                         slack                                  2.270    

Slack (MET) :             2.277ns  (required time - arrival time)
  Source:                 ci/x_reg[15]/C
                            (rising edge-triggered cell FDRE clocked by clk  {rise@0.000ns fall@5.000ns period=10.000ns})
  Destination:            y_shift_b_r_reg[20]/D
                            (rising edge-triggered cell FDRE clocked by clk  {rise@0.000ns fall@5.000ns period=10.000ns})
  Path Group:             clk
  Path Type:              Setup (Max at Slow Process Corner)
  Requirement:            10.000ns  (clk rise@10.000ns - clk rise@0.000ns)
  Data Path Delay:        7.619ns  (logic 3.236ns (42.473%)  route 4.383ns (57.527%))
  Logic Levels:           11  (CARRY4=4 LUT2=1 LUT3=1 LUT5=2 LUT6=3)
  Clock Path Skew:        -0.145ns (DCD - SCD + CPR)
    Destination Clock Delay (DCD):    2.079ns = ( 12.079 - 10.000 ) 
    Source Clock Delay      (SCD):    2.402ns
    Clock Pessimism Removal (CPR):    0.178ns
  Clock Uncertainty:      0.035ns  ((TSJ^2 + TIJ^2)^1/2 + DJ) / 2 + PE
    Total System Jitter     (TSJ):    0.071ns
    Total Input Jitter      (TIJ):    0.000ns
    Discrete Jitter          (DJ):    0.000ns
    Phase Error              (PE):    0.000ns

    Location             Delay type                Incr(ns)  Path(ns)    Netlist Resource(s)
  -------------------------------------------------------------------    -------------------
                         (clock clk rise edge)        0.000     0.000 r  
                                                      0.000     0.000 r  clk (IN)
                         net (fo=0)                   0.000     0.000    clk
                         IBUF (Prop_ibuf_I_O)         0.923     0.923 r  clk_IBUF_inst/O
                         net (fo=1, unplaced)         0.800     1.722    clk_IBUF
                         BUFG (Prop_bufg_I_O)         0.096     1.818 r  clk_IBUF_BUFG_inst/O
                         net (fo=292, unplaced)       0.584     2.402    ci/CLK
                         FDRE                                         r  ci/x_reg[15]/C
  -------------------------------------------------------------------    -------------------
                         FDRE (Prop_fdre_C_Q)         0.478     2.880 r  ci/x_reg[15]/Q
                         net (fo=20, unplaced)        1.025     3.905    ci/cs/x_reg[15]
                         LUT6 (Prop_lut6_I0_O)        0.295     4.200 r  ci/cs/y_next0_carry_i_12/O
                         net (fo=2, unplaced)         0.430     4.630    ci/cs/y_next0_carry_i_12_n_0
                         LUT3 (Prop_lut3_I0_O)        0.150     4.780 r  ci/cs/y_next0_carry_i_9/O
                         net (fo=3, unplaced)         0.467     5.247    ci/cs/counter_reg[1]_7
                         LUT6 (Prop_lut6_I5_O)        0.124     5.371 r  ci/cs/y_next0_carry_i_10/O
                         net (fo=3, unplaced)         0.467     5.838    ci/cs/counter_reg[1]_15
                         LUT2 (Prop_lut2_I1_O)        0.124     5.962 r  ci/cs/y_next0_carry_i_5/O
                         net (fo=1, unplaced)         0.000     5.962    ci/cs/y_next0_carry_i_5_n_0
                         CARRY4 (Prop_carry4_S[0]_CO[3])
                                                      0.513     6.475 r  ci/cs/y_next0_carry/CO[3]
                         net (fo=1, unplaced)         0.009     6.484    ci/cs/y_next0_carry_n_0
                         CARRY4 (Prop_carry4_CI_CO[3])
                                                      0.117     6.601 r  ci/cs/y_next0_carry__0/CO[3]
                         net (fo=1, unplaced)         0.000     6.601    ci/cs/y_next0_carry__0_n_0
                         CARRY4 (Prop_carry4_CI_O[1])
                                                      0.337     6.938 r  ci/cs/y_next0_carry__1/O[1]
                         net (fo=28, unplaced)        1.065     8.003    ci/cs/y_next0_carry__1_n_6
                         LUT6 (Prop_lut6_I3_O)        0.306     8.309 r  ci/cs/y_shift_b_r[21]_i_9/O
                         net (fo=2, unplaced)         0.460     8.769    ci/cs/y_shift_b_r[21]_i_9_n_0
                         LUT5 (Prop_lut5_I0_O)        0.124     8.893 r  ci/cs/y_shift_b_r[21]_i_4/O
                         net (fo=2, unplaced)         0.460     9.353    ci/cs/y_shift_b_r[21]_i_4_n_0
                         LUT5 (Prop_lut5_I4_O)        0.124     9.477 r  ci/cs/y_shift_b_r[21]_i_8/O
                         net (fo=1, unplaced)         0.000     9.477    ci/cs/y_shift_b_r[21]_i_8_n_0
                         CARRY4 (Prop_carry4_S[0]_O[2])
                                                      0.544    10.021 r  ci/cs/y_shift_b_r_reg[21]_i_1/O[2]
                         net (fo=1, unplaced)         0.000    10.021    y_shift_b[20]
                         FDRE                                         r  y_shift_b_r_reg[20]/D
  -------------------------------------------------------------------    -------------------

                         (clock clk rise edge)       10.000    10.000 r  
                                                      0.000    10.000 r  clk (IN)
                         net (fo=0)                   0.000    10.000    clk
                         IBUF (Prop_ibuf_I_O)         0.789    10.789 r  clk_IBUF_inst/O
                         net (fo=1, unplaced)         0.760    11.549    clk_IBUF
                         BUFG (Prop_bufg_I_O)         0.091    11.640 r  clk_IBUF_BUFG_inst/O
                         net (fo=292, unplaced)       0.439    12.079    clk_IBUF_BUFG
                         FDRE                                         r  y_shift_b_r_reg[20]/C
                         clock pessimism              0.178    12.257    
                         clock uncertainty           -0.035    12.222    
                         FDRE (Setup_fdre_C_D)        0.076    12.298    y_shift_b_r_reg[20]
  -------------------------------------------------------------------
                         required time                         12.298    
                         arrival time                         -10.021    
  -------------------------------------------------------------------
                         slack                                  2.277    

Slack (MET) :             2.297ns  (required time - arrival time)
  Source:                 ci/y_reg[15]/C
                            (rising edge-triggered cell FDRE clocked by clk  {rise@0.000ns fall@5.000ns period=10.000ns})
  Destination:            x_shift_b_r_reg[18]/D
                            (rising edge-triggered cell FDRE clocked by clk  {rise@0.000ns fall@5.000ns period=10.000ns})
  Path Group:             clk
  Path Type:              Setup (Max at Slow Process Corner)
  Requirement:            10.000ns  (clk rise@10.000ns - clk rise@0.000ns)
  Data Path Delay:        7.599ns  (logic 3.196ns (42.058%)  route 4.403ns (57.942%))
  Logic Levels:           11  (CARRY4=5 LUT2=1 LUT3=1 LUT5=1 LUT6=3)
  Clock Path Skew:        -0.145ns (DCD - SCD + CPR)
    Destination Clock Delay (DCD):    2.079ns = ( 12.079 - 10.000 ) 
    Source Clock Delay      (SCD):    2.402ns
    Clock Pessimism Removal (CPR):    0.178ns
  Clock Uncertainty:      0.035ns  ((TSJ^2 + TIJ^2)^1/2 + DJ) / 2 + PE
    Total System Jitter     (TSJ):    0.071ns
    Total Input Jitter      (TIJ):    0.000ns
    Discrete Jitter          (DJ):    0.000ns
    Phase Error              (PE):    0.000ns

    Location             Delay type                Incr(ns)  Path(ns)    Netlist Resource(s)
  -------------------------------------------------------------------    -------------------
                         (clock clk rise edge)        0.000     0.000 r  
                                                      0.000     0.000 r  clk (IN)
                         net (fo=0)                   0.000     0.000    clk
                         IBUF (Prop_ibuf_I_O)         0.923     0.923 r  clk_IBUF_inst/O
                         net (fo=1, unplaced)         0.800     1.722    clk_IBUF
                         BUFG (Prop_bufg_I_O)         0.096     1.818 r  clk_IBUF_BUFG_inst/O
                         net (fo=292, unplaced)       0.584     2.402    ci/CLK
                         FDRE                                         r  ci/y_reg[15]/C
  -------------------------------------------------------------------    -------------------
                         FDRE (Prop_fdre_C_Q)         0.478     2.880 r  ci/y_reg[15]/Q
                         net (fo=27, unplaced)        1.032     3.912    ci/cs/y_reg[15]
                         LUT6 (Prop_lut6_I0_O)        0.295     4.207 r  ci/cs/x_next0_carry_i_11/O
                         net (fo=2, unplaced)         0.430     4.637    ci/cs/x_next0_carry_i_11_n_0
                         LUT3 (Prop_lut3_I0_O)        0.150     4.787 r  ci/cs/x_next0_carry_i_8/O
                         net (fo=3, unplaced)         0.467     5.254    ci/cs/counter_reg_1_sn_1
                         LUT6 (Prop_lut6_I5_O)        0.124     5.378 r  ci/cs/x_next0_carry_i_9/O
                         net (fo=3, unplaced)         0.467     5.845    ci/cs/p_0_out[0]
                         LUT2 (Prop_lut2_I1_O)        0.124     5.969 r  ci/cs/x_next0_carry_i_4/O
                         net (fo=1, unplaced)         0.000     5.969    ci/cs/x_next0_carry_i_4_n_0
                         CARRY4 (Prop_carry4_S[0]_CO[3])
                                                      0.513     6.482 r  ci/cs/x_next0_carry/CO[3]
                         net (fo=1, unplaced)         0.009     6.491    ci/cs/x_next0_carry_n_0
                         CARRY4 (Prop_carry4_CI_CO[3])
                                                      0.117     6.608 r  ci/cs/x_next0_carry__0/CO[3]
                         net (fo=1, unplaced)         0.000     6.608    ci/cs/x_next0_carry__0_n_0
                         CARRY4 (Prop_carry4_CI_O[1])
                                                      0.337     6.945 r  ci/cs/x_next0_carry__1/O[1]
                         net (fo=28, unplaced)        1.065     8.010    ci/cs/x_next0_carry__1_n_6
                         LUT6 (Prop_lut6_I3_O)        0.306     8.316 r  ci/cs/x_shift_b_r[21]_i_9/O
                         net (fo=2, unplaced)         0.460     8.776    ci/cs/x_shift_b_r[21]_i_9_n_0
                         LUT5 (Prop_lut5_I0_O)        0.124     8.900 r  ci/cs/x_shift_b_r[17]_i_2/O
                         net (fo=1, unplaced)         0.473     9.373    ci/cs/x_shift_b_r[17]_i_2_n_0
                         CARRY4 (Prop_carry4_DI[3]_CO[3])
                                                      0.396     9.769 r  ci/cs/x_shift_b_r_reg[17]_i_1/CO[3]
                         net (fo=1, unplaced)         0.000     9.769    ci/cs/x_shift_b_r_reg[17]_i_1_n_0
                         CARRY4 (Prop_carry4_CI_O[0])
                                                      0.232    10.001 r  ci/cs/x_shift_b_r_reg[21]_i_1/O[0]
                         net (fo=1, unplaced)         0.000    10.001    x_shift_b[18]
                         FDRE                                         r  x_shift_b_r_reg[18]/D
  -------------------------------------------------------------------    -------------------

                         (clock clk rise edge)       10.000    10.000 r  
                                                      0.000    10.000 r  clk (IN)
                         net (fo=0)                   0.000    10.000    clk
                         IBUF (Prop_ibuf_I_O)         0.789    10.789 r  clk_IBUF_inst/O
                         net (fo=1, unplaced)         0.760    11.549    clk_IBUF
                         BUFG (Prop_bufg_I_O)         0.091    11.640 r  clk_IBUF_BUFG_inst/O
                         net (fo=292, unplaced)       0.439    12.079    clk_IBUF_BUFG
                         FDRE                                         r  x_shift_b_r_reg[18]/C
                         clock pessimism              0.178    12.257    
                         clock uncertainty           -0.035    12.222    
                         FDRE (Setup_fdre_C_D)        0.076    12.298    x_shift_b_r_reg[18]
  -------------------------------------------------------------------
                         required time                         12.298    
                         arrival time                         -10.001    
  -------------------------------------------------------------------
                         slack                                  2.297    

Slack (MET) :             2.304ns  (required time - arrival time)
  Source:                 ci/x_reg[15]/C
                            (rising edge-triggered cell FDRE clocked by clk  {rise@0.000ns fall@5.000ns period=10.000ns})
  Destination:            y_shift_b_r_reg[18]/D
                            (rising edge-triggered cell FDRE clocked by clk  {rise@0.000ns fall@5.000ns period=10.000ns})
  Path Group:             clk
  Path Type:              Setup (Max at Slow Process Corner)
  Requirement:            10.000ns  (clk rise@10.000ns - clk rise@0.000ns)
  Data Path Delay:        7.592ns  (logic 3.196ns (42.097%)  route 4.396ns (57.903%))
  Logic Levels:           11  (CARRY4=5 LUT2=1 LUT3=1 LUT5=1 LUT6=3)
  Clock Path Skew:        -0.145ns (DCD - SCD + CPR)
    Destination Clock Delay (DCD):    2.079ns = ( 12.079 - 10.000 ) 
    Source Clock Delay      (SCD):    2.402ns
    Clock Pessimism Removal (CPR):    0.178ns
  Clock Uncertainty:      0.035ns  ((TSJ^2 + TIJ^2)^1/2 + DJ) / 2 + PE
    Total System Jitter     (TSJ):    0.071ns
    Total Input Jitter      (TIJ):    0.000ns
    Discrete Jitter          (DJ):    0.000ns
    Phase Error              (PE):    0.000ns

    Location             Delay type                Incr(ns)  Path(ns)    Netlist Resource(s)
  -------------------------------------------------------------------    -------------------
                         (clock clk rise edge)        0.000     0.000 r  
                                                      0.000     0.000 r  clk (IN)
                         net (fo=0)                   0.000     0.000    clk
                         IBUF (Prop_ibuf_I_O)         0.923     0.923 r  clk_IBUF_inst/O
                         net (fo=1, unplaced)         0.800     1.722    clk_IBUF
                         BUFG (Prop_bufg_I_O)         0.096     1.818 r  clk_IBUF_BUFG_inst/O
                         net (fo=292, unplaced)       0.584     2.402    ci/CLK
                         FDRE                                         r  ci/x_reg[15]/C
  -------------------------------------------------------------------    -------------------
                         FDRE (Prop_fdre_C_Q)         0.478     2.880 r  ci/x_reg[15]/Q
                         net (fo=20, unplaced)        1.025     3.905    ci/cs/x_reg[15]
                         LUT6 (Prop_lut6_I0_O)        0.295     4.200 r  ci/cs/y_next0_carry_i_12/O
                         net (fo=2, unplaced)         0.430     4.630    ci/cs/y_next0_carry_i_12_n_0
                         LUT3 (Prop_lut3_I0_O)        0.150     4.780 r  ci/cs/y_next0_carry_i_9/O
                         net (fo=3, unplaced)         0.467     5.247    ci/cs/counter_reg[1]_7
                         LUT6 (Prop_lut6_I5_O)        0.124     5.371 r  ci/cs/y_next0_carry_i_10/O
                         net (fo=3, unplaced)         0.467     5.838    ci/cs/counter_reg[1]_15
                         LUT2 (Prop_lut2_I1_O)        0.124     5.962 r  ci/cs/y_next0_carry_i_5/O
                         net (fo=1, unplaced)         0.000     5.962    ci/cs/y_next0_carry_i_5_n_0
                         CARRY4 (Prop_carry4_S[0]_CO[3])
                                                      0.513     6.475 r  ci/cs/y_next0_carry/CO[3]
                         net (fo=1, unplaced)         0.009     6.484    ci/cs/y_next0_carry_n_0
                         CARRY4 (Prop_carry4_CI_CO[3])
                                                      0.117     6.601 r  ci/cs/y_next0_carry__0/CO[3]
                         net (fo=1, unplaced)         0.000     6.601    ci/cs/y_next0_carry__0_n_0
                         CARRY4 (Prop_carry4_CI_O[1])
                                                      0.337     6.938 r  ci/cs/y_next0_carry__1/O[1]
                         net (fo=28, unplaced)        1.065     8.003    ci/cs/y_next0_carry__1_n_6
                         LUT6 (Prop_lut6_I3_O)        0.306     8.309 r  ci/cs/y_shift_b_r[21]_i_9/O
                         net (fo=2, unplaced)         0.460     8.769    ci/cs/y_shift_b_r[21]_i_9_n_0
                         LUT5 (Prop_lut5_I0_O)        0.124     8.893 r  ci/cs/y_shift_b_r[17]_i_2/O
                         net (fo=1, unplaced)         0.473     9.366    ci/cs/y_shift_b_r[17]_i_2_n_0
                         CARRY4 (Prop_carry4_DI[3]_CO[3])
                                                      0.396     9.762 r  ci/cs/y_shift_b_r_reg[17]_i_1/CO[3]
                         net (fo=1, unplaced)         0.000     9.762    ci/cs/y_shift_b_r_reg[17]_i_1_n_0
                         CARRY4 (Prop_carry4_CI_O[0])
                                                      0.232     9.994 r  ci/cs/y_shift_b_r_reg[21]_i_1/O[0]
                         net (fo=1, unplaced)         0.000     9.994    y_shift_b[18]
                         FDRE                                         r  y_shift_b_r_reg[18]/D
  -------------------------------------------------------------------    -------------------

                         (clock clk rise edge)       10.000    10.000 r  
                                                      0.000    10.000 r  clk (IN)
                         net (fo=0)                   0.000    10.000    clk
                         IBUF (Prop_ibuf_I_O)         0.789    10.789 r  clk_IBUF_inst/O
                         net (fo=1, unplaced)         0.760    11.549    clk_IBUF
                         BUFG (Prop_bufg_I_O)         0.091    11.640 r  clk_IBUF_BUFG_inst/O
                         net (fo=292, unplaced)       0.439    12.079    clk_IBUF_BUFG
                         FDRE                                         r  y_shift_b_r_reg[18]/C
                         clock pessimism              0.178    12.257    
                         clock uncertainty           -0.035    12.222    
                         FDRE (Setup_fdre_C_D)        0.076    12.298    y_shift_b_r_reg[18]
  -------------------------------------------------------------------
                         required time                         12.298    
                         arrival time                          -9.994    
  -------------------------------------------------------------------
                         slack                                  2.304    





Min Delay Paths
--------------------------------------------------------------------------------------
Slack (MET) :             0.153ns  (arrival time - required time)
  Source:                 ci/mode_reg/C
                            (rising edge-triggered cell FDRE clocked by clk  {rise@0.000ns fall@5.000ns period=10.000ns})
  Destination:            ci/mode_reg/D
                            (rising edge-triggered cell FDRE clocked by clk  {rise@0.000ns fall@5.000ns period=10.000ns})
  Path Group:             clk
  Path Type:              Hold (Min at Fast Process Corner)
  Requirement:            0.000ns  (clk rise@0.000ns - clk rise@0.000ns)
  Data Path Delay:        0.389ns  (logic 0.239ns (61.363%)  route 0.150ns (38.637%))
  Logic Levels:           1  (LUT3=1)
  Clock Path Skew:        0.145ns (DCD - SCD - CPR)
    Destination Clock Delay (DCD):    0.983ns
    Source Clock Delay      (SCD):    0.629ns
    Clock Pessimism Removal (CPR):    0.209ns

    Location             Delay type                Incr(ns)  Path(ns)    Netlist Resource(s)
  -------------------------------------------------------------------    -------------------
                         (clock clk rise edge)        0.000     0.000 r  
                                                      0.000     0.000 r  clk (IN)
                         net (fo=0)                   0.000     0.000    clk
                         IBUF (Prop_ibuf_I_O)         0.152     0.152 r  clk_IBUF_inst/O
                         net (fo=1, unplaced)         0.337     0.489    clk_IBUF
                         BUFG (Prop_bufg_I_O)         0.026     0.515 r  clk_IBUF_BUFG_inst/O
                         net (fo=292, unplaced)       0.114     0.629    ci/CLK
                         FDRE                                         r  ci/mode_reg/C
  -------------------------------------------------------------------    -------------------
                         FDRE (Prop_fdre_C_Q)         0.141     0.770 r  ci/mode_reg/Q
                         net (fo=11, unplaced)        0.150     0.920    ci/mode
                         LUT3 (Prop_lut3_I2_O)        0.098     1.018 r  ci/mode_i_1/O
                         net (fo=1, unplaced)         0.000     1.018    ci/mode_i_1_n_0
                         FDRE                                         r  ci/mode_reg/D
  -------------------------------------------------------------------    -------------------

                         (clock clk rise edge)        0.000     0.000 r  
                                                      0.000     0.000 r  clk (IN)
                         net (fo=0)                   0.000     0.000    clk
                         IBUF (Prop_ibuf_I_O)         0.340     0.340 r  clk_IBUF_inst/O
                         net (fo=1, unplaced)         0.355     0.695    clk_IBUF
                         BUFG (Prop_bufg_I_O)         0.029     0.724 r  clk_IBUF_BUFG_inst/O
                         net (fo=292, unplaced)       0.259     0.983    ci/CLK
                         FDRE                                         r  ci/mode_reg/C
                         clock pessimism             -0.209     0.774    
                         FDRE (Hold_fdre_C_D)         0.091     0.865    ci/mode_reg
  -------------------------------------------------------------------
                         required time                         -0.865    
                         arrival time                           1.018    
  -------------------------------------------------------------------
                         slack                                  0.153    

Slack (MET) :             0.154ns  (arrival time - required time)
  Source:                 x2_valid_reg/C
                            (rising edge-triggered cell FDRE clocked by clk  {rise@0.000ns fall@5.000ns period=10.000ns})
  Destination:            done_reg/D
                            (rising edge-triggered cell FDRE clocked by clk  {rise@0.000ns fall@5.000ns period=10.000ns})
  Path Group:             clk
  Path Type:              Hold (Min at Fast Process Corner)
  Requirement:            0.000ns  (clk rise@0.000ns - clk rise@0.000ns)
  Data Path Delay:        0.282ns  (logic 0.141ns (50.038%)  route 0.141ns (49.962%))
  Logic Levels:           0  
  Clock Path Skew:        0.145ns (DCD - SCD - CPR)
    Destination Clock Delay (DCD):    0.983ns
    Source Clock Delay      (SCD):    0.629ns
    Clock Pessimism Removal (CPR):    0.209ns

    Location             Delay type                Incr(ns)  Path(ns)    Netlist Resource(s)
  -------------------------------------------------------------------    -------------------
                         (clock clk rise edge)        0.000     0.000 r  
                                                      0.000     0.000 r  clk (IN)
                         net (fo=0)                   0.000     0.000    clk
                         IBUF (Prop_ibuf_I_O)         0.152     0.152 r  clk_IBUF_inst/O
                         net (fo=1, unplaced)         0.337     0.489    clk_IBUF
                         BUFG (Prop_bufg_I_O)         0.026     0.515 r  clk_IBUF_BUFG_inst/O
                         net (fo=292, unplaced)       0.114     0.629    clk_IBUF_BUFG
                         FDRE                                         r  x2_valid_reg/C
  -------------------------------------------------------------------    -------------------
                         FDRE (Prop_fdre_C_Q)         0.141     0.770 r  x2_valid_reg/Q
                         net (fo=1, unplaced)         0.141     0.911    x2_valid
                         FDRE                                         r  done_reg/D
  -------------------------------------------------------------------    -------------------

                         (clock clk rise edge)        0.000     0.000 r  
                                                      0.000     0.000 r  clk (IN)
                         net (fo=0)                   0.000     0.000    clk
                         IBUF (Prop_ibuf_I_O)         0.340     0.340 r  clk_IBUF_inst/O
                         net (fo=1, unplaced)         0.355     0.695    clk_IBUF
                         BUFG (Prop_bufg_I_O)         0.029     0.724 r  clk_IBUF_BUFG_inst/O
                         net (fo=292, unplaced)       0.259     0.983    clk_IBUF_BUFG
                         FDRE                                         r  done_reg/C
                         clock pessimism             -0.209     0.774    
                         FDRE (Hold_fdre_C_D)        -0.017     0.757    done_reg
  -------------------------------------------------------------------
                         required time                         -0.757    
                         arrival time                           0.911    
  -------------------------------------------------------------------
                         slack                                  0.154    

Slack (MET) :             0.154ns  (arrival time - required time)
  Source:                 z_2_reg[0]/C
                            (rising edge-triggered cell FDRE clocked by clk  {rise@0.000ns fall@5.000ns period=10.000ns})
  Destination:            z_reg[0]/D
                            (rising edge-triggered cell FDRE clocked by clk  {rise@0.000ns fall@5.000ns period=10.000ns})
  Path Group:             clk
  Path Type:              Hold (Min at Fast Process Corner)
  Requirement:            0.000ns  (clk rise@0.000ns - clk rise@0.000ns)
  Data Path Delay:        0.282ns  (logic 0.141ns (50.038%)  route 0.141ns (49.962%))
  Logic Levels:           0  
  Clock Path Skew:        0.145ns (DCD - SCD - CPR)
    Destination Clock Delay (DCD):    0.983ns
    Source Clock Delay      (SCD):    0.629ns
    Clock Pessimism Removal (CPR):    0.209ns

    Location             Delay type                Incr(ns)  Path(ns)    Netlist Resource(s)
  -------------------------------------------------------------------    -------------------
                         (clock clk rise edge)        0.000     0.000 r  
                                                      0.000     0.000 r  clk (IN)
                         net (fo=0)                   0.000     0.000    clk
                         IBUF (Prop_ibuf_I_O)         0.152     0.152 r  clk_IBUF_inst/O
                         net (fo=1, unplaced)         0.337     0.489    clk_IBUF
                         BUFG (Prop_bufg_I_O)         0.026     0.515 r  clk_IBUF_BUFG_inst/O
                         net (fo=292, unplaced)       0.114     0.629    clk_IBUF_BUFG
                         FDRE                                         r  z_2_reg[0]/C
  -------------------------------------------------------------------    -------------------
                         FDRE (Prop_fdre_C_Q)         0.141     0.770 r  z_2_reg[0]/Q
                         net (fo=1, unplaced)         0.141     0.911    z_2[0]
                         FDRE                                         r  z_reg[0]/D
  -------------------------------------------------------------------    -------------------

                         (clock clk rise edge)        0.000     0.000 r  
                                                      0.000     0.000 r  clk (IN)
                         net (fo=0)                   0.000     0.000    clk
                         IBUF (Prop_ibuf_I_O)         0.340     0.340 r  clk_IBUF_inst/O
                         net (fo=1, unplaced)         0.355     0.695    clk_IBUF
                         BUFG (Prop_bufg_I_O)         0.029     0.724 r  clk_IBUF_BUFG_inst/O
                         net (fo=292, unplaced)       0.259     0.983    clk_IBUF_BUFG
                         FDRE                                         r  z_reg[0]/C
                         clock pessimism             -0.209     0.774    
                         FDRE (Hold_fdre_C_D)        -0.017     0.757    z_reg[0]
  -------------------------------------------------------------------
                         required time                         -0.757    
                         arrival time                           0.911    
  -------------------------------------------------------------------
                         slack                                  0.154    

Slack (MET) :             0.154ns  (arrival time - required time)
  Source:                 z_2_reg[1]/C
                            (rising edge-triggered cell FDRE clocked by clk  {rise@0.000ns fall@5.000ns period=10.000ns})
  Destination:            z_reg[1]/D
                            (rising edge-triggered cell FDRE clocked by clk  {rise@0.000ns fall@5.000ns period=10.000ns})
  Path Group:             clk
  Path Type:              Hold (Min at Fast Process Corner)
  Requirement:            0.000ns  (clk rise@0.000ns - clk rise@0.000ns)
  Data Path Delay:        0.282ns  (logic 0.141ns (50.038%)  route 0.141ns (49.962%))
  Logic Levels:           0  
  Clock Path Skew:        0.145ns (DCD - SCD - CPR)
    Destination Clock Delay (DCD):    0.983ns
    Source Clock Delay      (SCD):    0.629ns
    Clock Pessimism Removal (CPR):    0.209ns

    Location             Delay type                Incr(ns)  Path(ns)    Netlist Resource(s)
  -------------------------------------------------------------------    -------------------
                         (clock clk rise edge)        0.000     0.000 r  
                                                      0.000     0.000 r  clk (IN)
                         net (fo=0)                   0.000     0.000    clk
                         IBUF (Prop_ibuf_I_O)         0.152     0.152 r  clk_IBUF_inst/O
                         net (fo=1, unplaced)         0.337     0.489    clk_IBUF
                         BUFG (Prop_bufg_I_O)         0.026     0.515 r  clk_IBUF_BUFG_inst/O
                         net (fo=292, unplaced)       0.114     0.629    clk_IBUF_BUFG
                         FDRE                                         r  z_2_reg[1]/C
  -------------------------------------------------------------------    -------------------
                         FDRE (Prop_fdre_C_Q)         0.141     0.770 r  z_2_reg[1]/Q
                         net (fo=1, unplaced)         0.141     0.911    z_2[1]
                         FDRE                                         r  z_reg[1]/D
  -------------------------------------------------------------------    -------------------

                         (clock clk rise edge)        0.000     0.000 r  
                                                      0.000     0.000 r  clk (IN)
                         net (fo=0)                   0.000     0.000    clk
                         IBUF (Prop_ibuf_I_O)         0.340     0.340 r  clk_IBUF_inst/O
                         net (fo=1, unplaced)         0.355     0.695    clk_IBUF
                         BUFG (Prop_bufg_I_O)         0.029     0.724 r  clk_IBUF_BUFG_inst/O
                         net (fo=292, unplaced)       0.259     0.983    clk_IBUF_BUFG
                         FDRE                                         r  z_reg[1]/C
                         clock pessimism             -0.209     0.774    
                         FDRE (Hold_fdre_C_D)        -0.017     0.757    z_reg[1]
  -------------------------------------------------------------------
                         required time                         -0.757    
                         arrival time                           0.911    
  -------------------------------------------------------------------
                         slack                                  0.154    

Slack (MET) :             0.160ns  (arrival time - required time)
  Source:                 z_2_pre_reg[0]/C
                            (rising edge-triggered cell FDRE clocked by clk  {rise@0.000ns fall@5.000ns period=10.000ns})
  Destination:            z_2_reg[0]/D
                            (rising edge-triggered cell FDRE clocked by clk  {rise@0.000ns fall@5.000ns period=10.000ns})
  Path Group:             clk
  Path Type:              Hold (Min at Fast Process Corner)
  Requirement:            0.000ns  (clk rise@0.000ns - clk rise@0.000ns)
  Data Path Delay:        0.288ns  (logic 0.147ns (51.079%)  route 0.141ns (48.921%))
  Logic Levels:           0  
  Clock Path Skew:        0.145ns (DCD - SCD - CPR)
    Destination Clock Delay (DCD):    0.983ns
    Source Clock Delay      (SCD):    0.629ns
    Clock Pessimism Removal (CPR):    0.209ns

    Location             Delay type                Incr(ns)  Path(ns)    Netlist Resource(s)
  -------------------------------------------------------------------    -------------------
                         (clock clk rise edge)        0.000     0.000 r  
                                                      0.000     0.000 r  clk (IN)
                         net (fo=0)                   0.000     0.000    clk
                         IBUF (Prop_ibuf_I_O)         0.152     0.152 r  clk_IBUF_inst/O
                         net (fo=1, unplaced)         0.337     0.489    clk_IBUF
                         BUFG (Prop_bufg_I_O)         0.026     0.515 r  clk_IBUF_BUFG_inst/O
                         net (fo=292, unplaced)       0.114     0.629    clk_IBUF_BUFG
                         FDRE                                         r  z_2_pre_reg[0]/C
  -------------------------------------------------------------------    -------------------
                         FDRE (Prop_fdre_C_Q)         0.147     0.776 r  z_2_pre_reg[0]/Q
                         net (fo=1, unplaced)         0.141     0.917    z_2_pre[0]
                         FDRE                                         r  z_2_reg[0]/D
  -------------------------------------------------------------------    -------------------

                         (clock clk rise edge)        0.000     0.000 r  
                                                      0.000     0.000 r  clk (IN)
                         net (fo=0)                   0.000     0.000    clk
                         IBUF (Prop_ibuf_I_O)         0.340     0.340 r  clk_IBUF_inst/O
                         net (fo=1, unplaced)         0.355     0.695    clk_IBUF
                         BUFG (Prop_bufg_I_O)         0.029     0.724 r  clk_IBUF_BUFG_inst/O
                         net (fo=292, unplaced)       0.259     0.983    clk_IBUF_BUFG
                         FDRE                                         r  z_2_reg[0]/C
                         clock pessimism             -0.209     0.774    
                         FDRE (Hold_fdre_C_D)        -0.017     0.757    z_2_reg[0]
  -------------------------------------------------------------------
                         required time                         -0.757    
                         arrival time                           0.917    
  -------------------------------------------------------------------
                         slack                                  0.160    

Slack (MET) :             0.160ns  (arrival time - required time)
  Source:                 z_2_pre_reg[10]/C
                            (rising edge-triggered cell FDRE clocked by clk  {rise@0.000ns fall@5.000ns period=10.000ns})
  Destination:            z_2_reg[10]/D
                            (rising edge-triggered cell FDRE clocked by clk  {rise@0.000ns fall@5.000ns period=10.000ns})
  Path Group:             clk
  Path Type:              Hold (Min at Fast Process Corner)
  Requirement:            0.000ns  (clk rise@0.000ns - clk rise@0.000ns)
  Data Path Delay:        0.288ns  (logic 0.147ns (51.079%)  route 0.141ns (48.921%))
  Logic Levels:           0  
  Clock Path Skew:        0.145ns (DCD - SCD - CPR)
    Destination Clock Delay (DCD):    0.983ns
    Source Clock Delay      (SCD):    0.629ns
    Clock Pessimism Removal (CPR):    0.209ns

    Location             Delay type                Incr(ns)  Path(ns)    Netlist Resource(s)
  -------------------------------------------------------------------    -------------------
                         (clock clk rise edge)        0.000     0.000 r  
                                                      0.000     0.000 r  clk (IN)
                         net (fo=0)                   0.000     0.000    clk
                         IBUF (Prop_ibuf_I_O)         0.152     0.152 r  clk_IBUF_inst/O
                         net (fo=1, unplaced)         0.337     0.489    clk_IBUF
                         BUFG (Prop_bufg_I_O)         0.026     0.515 r  clk_IBUF_BUFG_inst/O
                         net (fo=292, unplaced)       0.114     0.629    clk_IBUF_BUFG
                         FDRE                                         r  z_2_pre_reg[10]/C
  -------------------------------------------------------------------    -------------------
                         FDRE (Prop_fdre_C_Q)         0.147     0.776 r  z_2_pre_reg[10]/Q
                         net (fo=1, unplaced)         0.141     0.917    z_2_pre[10]
                         FDRE                                         r  z_2_reg[10]/D
  -------------------------------------------------------------------    -------------------

                         (clock clk rise edge)        0.000     0.000 r  
                                                      0.000     0.000 r  clk (IN)
                         net (fo=0)                   0.000     0.000    clk
                         IBUF (Prop_ibuf_I_O)         0.340     0.340 r  clk_IBUF_inst/O
                         net (fo=1, unplaced)         0.355     0.695    clk_IBUF
                         BUFG (Prop_bufg_I_O)         0.029     0.724 r  clk_IBUF_BUFG_inst/O
                         net (fo=292, unplaced)       0.259     0.983    clk_IBUF_BUFG
                         FDRE                                         r  z_2_reg[10]/C
                         clock pessimism             -0.209     0.774    
                         FDRE (Hold_fdre_C_D)        -0.017     0.757    z_2_reg[10]
  -------------------------------------------------------------------
                         required time                         -0.757    
                         arrival time                           0.917    
  -------------------------------------------------------------------
                         slack                                  0.160    

Slack (MET) :             0.160ns  (arrival time - required time)
  Source:                 z_2_pre_reg[11]/C
                            (rising edge-triggered cell FDRE clocked by clk  {rise@0.000ns fall@5.000ns period=10.000ns})
  Destination:            z_2_reg[11]/D
                            (rising edge-triggered cell FDRE clocked by clk  {rise@0.000ns fall@5.000ns period=10.000ns})
  Path Group:             clk
  Path Type:              Hold (Min at Fast Process Corner)
  Requirement:            0.000ns  (clk rise@0.000ns - clk rise@0.000ns)
  Data Path Delay:        0.288ns  (logic 0.147ns (51.079%)  route 0.141ns (48.921%))
  Logic Levels:           0  
  Clock Path Skew:        0.145ns (DCD - SCD - CPR)
    Destination Clock Delay (DCD):    0.983ns
    Source Clock Delay      (SCD):    0.629ns
    Clock Pessimism Removal (CPR):    0.209ns

    Location             Delay type                Incr(ns)  Path(ns)    Netlist Resource(s)
  -------------------------------------------------------------------    -------------------
                         (clock clk rise edge)        0.000     0.000 r  
                                                      0.000     0.000 r  clk (IN)
                         net (fo=0)                   0.000     0.000    clk
                         IBUF (Prop_ibuf_I_O)         0.152     0.152 r  clk_IBUF_inst/O
                         net (fo=1, unplaced)         0.337     0.489    clk_IBUF
                         BUFG (Prop_bufg_I_O)         0.026     0.515 r  clk_IBUF_BUFG_inst/O
                         net (fo=292, unplaced)       0.114     0.629    clk_IBUF_BUFG
                         FDRE                                         r  z_2_pre_reg[11]/C
  -------------------------------------------------------------------    -------------------
                         FDRE (Prop_fdre_C_Q)         0.147     0.776 r  z_2_pre_reg[11]/Q
                         net (fo=1, unplaced)         0.141     0.917    z_2_pre[11]
                         FDRE                                         r  z_2_reg[11]/D
  -------------------------------------------------------------------    -------------------

                         (clock clk rise edge)        0.000     0.000 r  
                                                      0.000     0.000 r  clk (IN)
                         net (fo=0)                   0.000     0.000    clk
                         IBUF (Prop_ibuf_I_O)         0.340     0.340 r  clk_IBUF_inst/O
                         net (fo=1, unplaced)         0.355     0.695    clk_IBUF
                         BUFG (Prop_bufg_I_O)         0.029     0.724 r  clk_IBUF_BUFG_inst/O
                         net (fo=292, unplaced)       0.259     0.983    clk_IBUF_BUFG
                         FDRE                                         r  z_2_reg[11]/C
                         clock pessimism             -0.209     0.774    
                         FDRE (Hold_fdre_C_D)        -0.017     0.757    z_2_reg[11]
  -------------------------------------------------------------------
                         required time                         -0.757    
                         arrival time                           0.917    
  -------------------------------------------------------------------
                         slack                                  0.160    

Slack (MET) :             0.160ns  (arrival time - required time)
  Source:                 z_2_pre_reg[12]/C
                            (rising edge-triggered cell FDRE clocked by clk  {rise@0.000ns fall@5.000ns period=10.000ns})
  Destination:            z_2_reg[12]/D
                            (rising edge-triggered cell FDRE clocked by clk  {rise@0.000ns fall@5.000ns period=10.000ns})
  Path Group:             clk
  Path Type:              Hold (Min at Fast Process Corner)
  Requirement:            0.000ns  (clk rise@0.000ns - clk rise@0.000ns)
  Data Path Delay:        0.288ns  (logic 0.147ns (51.079%)  route 0.141ns (48.921%))
  Logic Levels:           0  
  Clock Path Skew:        0.145ns (DCD - SCD - CPR)
    Destination Clock Delay (DCD):    0.983ns
    Source Clock Delay      (SCD):    0.629ns
    Clock Pessimism Removal (CPR):    0.209ns

    Location             Delay type                Incr(ns)  Path(ns)    Netlist Resource(s)
  -------------------------------------------------------------------    -------------------
                         (clock clk rise edge)        0.000     0.000 r  
                                                      0.000     0.000 r  clk (IN)
                         net (fo=0)                   0.000     0.000    clk
                         IBUF (Prop_ibuf_I_O)         0.152     0.152 r  clk_IBUF_inst/O
                         net (fo=1, unplaced)         0.337     0.489    clk_IBUF
                         BUFG (Prop_bufg_I_O)         0.026     0.515 r  clk_IBUF_BUFG_inst/O
                         net (fo=292, unplaced)       0.114     0.629    clk_IBUF_BUFG
                         FDRE                                         r  z_2_pre_reg[12]/C
  -------------------------------------------------------------------    -------------------
                         FDRE (Prop_fdre_C_Q)         0.147     0.776 r  z_2_pre_reg[12]/Q
                         net (fo=1, unplaced)         0.141     0.917    z_2_pre[12]
                         FDRE                                         r  z_2_reg[12]/D
  -------------------------------------------------------------------    -------------------

                         (clock clk rise edge)        0.000     0.000 r  
                                                      0.000     0.000 r  clk (IN)
                         net (fo=0)                   0.000     0.000    clk
                         IBUF (Prop_ibuf_I_O)         0.340     0.340 r  clk_IBUF_inst/O
                         net (fo=1, unplaced)         0.355     0.695    clk_IBUF
                         BUFG (Prop_bufg_I_O)         0.029     0.724 r  clk_IBUF_BUFG_inst/O
                         net (fo=292, unplaced)       0.259     0.983    clk_IBUF_BUFG
                         FDRE                                         r  z_2_reg[12]/C
                         clock pessimism             -0.209     0.774    
                         FDRE (Hold_fdre_C_D)        -0.017     0.757    z_2_reg[12]
  -------------------------------------------------------------------
                         required time                         -0.757    
                         arrival time                           0.917    
  -------------------------------------------------------------------
                         slack                                  0.160    

Slack (MET) :             0.160ns  (arrival time - required time)
  Source:                 z_2_pre_reg[13]/C
                            (rising edge-triggered cell FDRE clocked by clk  {rise@0.000ns fall@5.000ns period=10.000ns})
  Destination:            z_2_reg[13]/D
                            (rising edge-triggered cell FDRE clocked by clk  {rise@0.000ns fall@5.000ns period=10.000ns})
  Path Group:             clk
  Path Type:              Hold (Min at Fast Process Corner)
  Requirement:            0.000ns  (clk rise@0.000ns - clk rise@0.000ns)
  Data Path Delay:        0.288ns  (logic 0.147ns (51.079%)  route 0.141ns (48.921%))
  Logic Levels:           0  
  Clock Path Skew:        0.145ns (DCD - SCD - CPR)
    Destination Clock Delay (DCD):    0.983ns
    Source Clock Delay      (SCD):    0.629ns
    Clock Pessimism Removal (CPR):    0.209ns

    Location             Delay type                Incr(ns)  Path(ns)    Netlist Resource(s)
  -------------------------------------------------------------------    -------------------
                         (clock clk rise edge)        0.000     0.000 r  
                                                      0.000     0.000 r  clk (IN)
                         net (fo=0)                   0.000     0.000    clk
                         IBUF (Prop_ibuf_I_O)         0.152     0.152 r  clk_IBUF_inst/O
                         net (fo=1, unplaced)         0.337     0.489    clk_IBUF
                         BUFG (Prop_bufg_I_O)         0.026     0.515 r  clk_IBUF_BUFG_inst/O
                         net (fo=292, unplaced)       0.114     0.629    clk_IBUF_BUFG
                         FDRE                                         r  z_2_pre_reg[13]/C
  -------------------------------------------------------------------    -------------------
                         FDRE (Prop_fdre_C_Q)         0.147     0.776 r  z_2_pre_reg[13]/Q
                         net (fo=1, unplaced)         0.141     0.917    z_2_pre[13]
                         FDRE                                         r  z_2_reg[13]/D
  -------------------------------------------------------------------    -------------------

                         (clock clk rise edge)        0.000     0.000 r  
                                                      0.000     0.000 r  clk (IN)
                         net (fo=0)                   0.000     0.000    clk
                         IBUF (Prop_ibuf_I_O)         0.340     0.340 r  clk_IBUF_inst/O
                         net (fo=1, unplaced)         0.355     0.695    clk_IBUF
                         BUFG (Prop_bufg_I_O)         0.029     0.724 r  clk_IBUF_BUFG_inst/O
                         net (fo=292, unplaced)       0.259     0.983    clk_IBUF_BUFG
                         FDRE                                         r  z_2_reg[13]/C
                         clock pessimism             -0.209     0.774    
                         FDRE (Hold_fdre_C_D)        -0.017     0.757    z_2_reg[13]
  -------------------------------------------------------------------
                         required time                         -0.757    
                         arrival time                           0.917    
  -------------------------------------------------------------------
                         slack                                  0.160    

Slack (MET) :             0.160ns  (arrival time - required time)
  Source:                 z_2_pre_reg[14]/C
                            (rising edge-triggered cell FDRE clocked by clk  {rise@0.000ns fall@5.000ns period=10.000ns})
  Destination:            z_2_reg[14]/D
                            (rising edge-triggered cell FDRE clocked by clk  {rise@0.000ns fall@5.000ns period=10.000ns})
  Path Group:             clk
  Path Type:              Hold (Min at Fast Process Corner)
  Requirement:            0.000ns  (clk rise@0.000ns - clk rise@0.000ns)
  Data Path Delay:        0.288ns  (logic 0.147ns (51.079%)  route 0.141ns (48.921%))
  Logic Levels:           0  
  Clock Path Skew:        0.145ns (DCD - SCD - CPR)
    Destination Clock Delay (DCD):    0.983ns
    Source Clock Delay      (SCD):    0.629ns
    Clock Pessimism Removal (CPR):    0.209ns

    Location             Delay type                Incr(ns)  Path(ns)    Netlist Resource(s)
  -------------------------------------------------------------------    -------------------
                         (clock clk rise edge)        0.000     0.000 r  
                                                      0.000     0.000 r  clk (IN)
                         net (fo=0)                   0.000     0.000    clk
                         IBUF (Prop_ibuf_I_O)         0.152     0.152 r  clk_IBUF_inst/O
                         net (fo=1, unplaced)         0.337     0.489    clk_IBUF
                         BUFG (Prop_bufg_I_O)         0.026     0.515 r  clk_IBUF_BUFG_inst/O
                         net (fo=292, unplaced)       0.114     0.629    clk_IBUF_BUFG
                         FDRE                                         r  z_2_pre_reg[14]/C
  -------------------------------------------------------------------    -------------------
                         FDRE (Prop_fdre_C_Q)         0.147     0.776 r  z_2_pre_reg[14]/Q
                         net (fo=1, unplaced)         0.141     0.917    z_2_pre[14]
                         FDRE                                         r  z_2_reg[14]/D
  -------------------------------------------------------------------    -------------------

                         (clock clk rise edge)        0.000     0.000 r  
                                                      0.000     0.000 r  clk (IN)
                         net (fo=0)                   0.000     0.000    clk
                         IBUF (Prop_ibuf_I_O)         0.340     0.340 r  clk_IBUF_inst/O
                         net (fo=1, unplaced)         0.355     0.695    clk_IBUF
                         BUFG (Prop_bufg_I_O)         0.029     0.724 r  clk_IBUF_BUFG_inst/O
                         net (fo=292, unplaced)       0.259     0.983    clk_IBUF_BUFG
                         FDRE                                         r  z_2_reg[14]/C
                         clock pessimism             -0.209     0.774    
                         FDRE (Hold_fdre_C_D)        -0.017     0.757    z_2_reg[14]
  -------------------------------------------------------------------
                         required time                         -0.757    
                         arrival time                           0.917    
  -------------------------------------------------------------------
                         slack                                  0.160    





Pulse Width Checks
--------------------------------------------------------------------------------------
Clock Name:         clk
Waveform(ns):       { 0.000 5.000 }
Period(ns):         10.000
Sources:            { clk }

Check Type        Corner  Lib Pin  Reference Pin  Required(ns)  Actual(ns)  Slack(ns)  Location  Pin
Min Period        n/a     BUFG/I   n/a            2.155         10.000      7.845                clk_IBUF_BUFG_inst/I
Min Period        n/a     FDRE/C   n/a            1.000         10.000      9.000                counter_reg[0]/C
Min Period        n/a     FDRE/C   n/a            1.000         10.000      9.000                counter_reg[1]/C
Min Period        n/a     FDRE/C   n/a            1.000         10.000      9.000                counter_reg[2]/C
Min Period        n/a     FDRE/C   n/a            1.000         10.000      9.000                counter_reg[3]/C
Min Period        n/a     FDRE/C   n/a            1.000         10.000      9.000                done_reg/C
Min Period        n/a     FDRE/C   n/a            1.000         10.000      9.000                finish_d_reg/C
Min Period        n/a     FDRE/C   n/a            1.000         10.000      9.000                modein_r_reg/C
Min Period        n/a     FDRE/C   n/a            1.000         10.000      9.000                reset_d_reg/C
Min Period        n/a     FDRE/C   n/a            1.000         10.000      9.000                x2_valid_reg/C
Low Pulse Width   Slow    FDRE/C   n/a            0.500         5.000       4.500                counter_reg[0]/C
Low Pulse Width   Fast    FDRE/C   n/a            0.500         5.000       4.500                counter_reg[0]/C
Low Pulse Width   Slow    FDRE/C   n/a            0.500         5.000       4.500                counter_reg[1]/C
Low Pulse Width   Fast    FDRE/C   n/a            0.500         5.000       4.500                counter_reg[1]/C
Low Pulse Width   Slow    FDRE/C   n/a            0.500         5.000       4.500                counter_reg[2]/C
Low Pulse Width   Fast    FDRE/C   n/a            0.500         5.000       4.500                counter_reg[2]/C
Low Pulse Width   Slow    FDRE/C   n/a            0.500         5.000       4.500                counter_reg[3]/C
Low Pulse Width   Fast    FDRE/C   n/a            0.500         5.000       4.500                counter_reg[3]/C
Low Pulse Width   Slow    FDRE/C   n/a            0.500         5.000       4.500                done_reg/C
Low Pulse Width   Fast    FDRE/C   n/a            0.500         5.000       4.500                done_reg/C
High Pulse Width  Slow    FDRE/C   n/a            0.500         5.000       4.500                counter_reg[0]/C
High Pulse Width  Fast    FDRE/C   n/a            0.500         5.000       4.500                counter_reg[0]/C
High Pulse Width  Slow    FDRE/C   n/a            0.500         5.000       4.500                counter_reg[1]/C
High Pulse Width  Fast    FDRE/C   n/a            0.500         5.000       4.500                counter_reg[1]/C
High Pulse Width  Slow    FDRE/C   n/a            0.500         5.000       4.500                counter_reg[2]/C
High Pulse Width  Fast    FDRE/C   n/a            0.500         5.000       4.500                counter_reg[2]/C
High Pulse Width  Slow    FDRE/C   n/a            0.500         5.000       4.500                counter_reg[3]/C
High Pulse Width  Fast    FDRE/C   n/a            0.500         5.000       4.500                counter_reg[3]/C
High Pulse Width  Slow    FDRE/C   n/a            0.500         5.000       4.500                done_reg/C
High Pulse Width  Fast    FDRE/C   n/a            0.500         5.000       4.500                done_reg/C



