Copyright 1986-2022 Xilinx, Inc. All Rights Reserved. Copyright 2022-2024 Advanced Micro Devices, Inc. All Rights Reserved.
---------------------------------------------------------------------------------------------------------------------------------------------
| Tool Version : Vivado v.2024.2 (win64) Build 5239630 Fri Nov 08 22:35:27 MST 2024
| Date         : Wed Aug 12 02:17:20 2026
| Host         : lohithprapoorna running 64-bit major release  (build 9200)
| Command      : report_timing_summary -file synth/reports/pipelined_timing_summary.rpt -max_paths 10
| Design       : cordic_top
| Device       : 7a35t-cpg236
| Speed File   : -1  PRODUCTION 1.23 2018-06-13
| Design State : Synthesized
---------------------------------------------------------------------------------------------------------------------------------------------

Timing Summary Report

------------------------------------------------------------------------------------------------
| Timer Settings
| --------------
------------------------------------------------------------------------------------------------

  Enable Multi Corner Analysis               :  Yes
  Enable Pessimism Removal                   :  Yes
  Pessimism Removal Resolution               :  Nearest Common Node
  Enable Input Delay Default Clock           :  No
  Enable Preset / Clear Arcs                 :  No
  Disable Flight Delays                      :  No
  Ignore I/O Paths                           :  No
  Timing Early Launch at Borrowing Latches   :  No
  Borrow Time for Max Delay Exceptions       :  Yes
  Merge Timing Exceptions                    :  Yes
  Inter-SLR Compensation                     :  Conservative

  Corner  Analyze    Analyze    
  Name    Max Paths  Min Paths  
  ------  ---------  ---------  
  Slow    Yes        Yes        
  Fast    Yes        Yes        


------------------------------------------------------------------------------------------------
| Report Methodology
| ------------------
------------------------------------------------------------------------------------------------

No report available as report_methodology has not been run prior. Run report_methodology on the current design for the summary of methodology violations.



check_timing report

Table of Contents
-----------------
1. checking no_clock (0)
2. checking constant_clock (0)
3. checking pulse_width_clock (0)
4. checking unconstrained_internal_endpoints (0)
5. checking no_input_delay (50)
6. checking no_output_delay (48)
7. checking multiple_clock (0)
8. checking generated_clocks (0)
9. checking loops (0)
10. checking partial_input_delay (0)
11. checking partial_output_delay (0)
12. checking latch_loops (0)

1. checking no_clock (0)
------------------------
 There are 0 register/latch pins with no clock.


2. checking constant_clock (0)
------------------------------
 There are 0 register/latch pins with constant_clock.


3. checking pulse_width_clock (0)
---------------------------------
 There are 0 register/latch pins which need pulse_width check


4. checking unconstrained_internal_endpoints (0)
------------------------------------------------
 There are 0 pins that are not constrained for maximum delay.

 There are 0 pins that are not constrained for maximum delay due to constant clock.


5. checking no_input_delay (50)
-------------------------------
 There are 50 input ports with no input delay specified. (HIGH)

 There are 0 input ports with no input delay but user has a false path constraint.


6. checking no_output_delay (48)
--------------------------------
 There are 48 ports with no output delay specified. (HIGH)

 There are 0 ports with no output delay but user has a false path constraint

 There are 0 ports with no output delay but with a timing clock defined on it or propagating through it


7. checking multiple_clock (0)
------------------------------
 There are 0 register/latch pins with multiple clocks.


8. checking generated_clocks (0)
--------------------------------
 There are 0 generated clocks that are not connected to a clock source.


9. checking loops (0)
---------------------
 There are 0 combinational loops in the design.


10. checking partial_input_delay (0)
------------------------------------
 There are 0 input ports with partial input delay specified.


11. checking partial_output_delay (0)
-------------------------------------
 There are 0 ports with partial output delay specified.


12. checking latch_loops (0)
----------------------------
 There are 0 combinational latch loops in the design through latch input



------------------------------------------------------------------------------------------------
| Design Timing Summary
| ---------------------
------------------------------------------------------------------------------------------------

    WNS(ns)      TNS(ns)  TNS Failing Endpoints  TNS Total Endpoints      WHS(ns)      THS(ns)  THS Failing Endpoints  THS Total Endpoints     WPWS(ns)     TPWS(ns)  TPWS Failing Endpoints  TPWS Total Endpoints  
    -------      -------  ---------------------  -------------------      -------      -------  ---------------------  -------------------     --------     --------  ----------------------  --------------------  
      3.323        0.000                      0                  827        0.158        0.000                      0                  827        4.020        0.000                       0                   877  


All user specified timing constraints are met.


------------------------------------------------------------------------------------------------
| Clock Summary
| -------------
------------------------------------------------------------------------------------------------

Clock  Waveform(ns)       Period(ns)      Frequency(MHz)
-----  ------------       ----------      --------------
clk    {0.000 5.000}      10.000          100.000         


------------------------------------------------------------------------------------------------
| Intra Clock Table
| -----------------
------------------------------------------------------------------------------------------------

Clock             WNS(ns)      TNS(ns)  TNS Failing Endpoints  TNS Total Endpoints      WHS(ns)      THS(ns)  THS Failing Endpoints  THS Total Endpoints     WPWS(ns)     TPWS(ns)  TPWS Failing Endpoints  TPWS Total Endpoints  
-----             -------      -------  ---------------------  -------------------      -------      -------  ---------------------  -------------------     --------     --------  ----------------------  --------------------  
clk                 3.323        0.000                      0                  827        0.158        0.000                      0                  827        4.020        0.000                       0                   877  


------------------------------------------------------------------------------------------------
| Inter Clock Table
| -----------------
------------------------------------------------------------------------------------------------

From Clock    To Clock          WNS(ns)      TNS(ns)  TNS Failing Endpoints  TNS Total Endpoints      WHS(ns)      THS(ns)  THS Failing Endpoints  THS Total Endpoints  
----------    --------          -------      -------  ---------------------  -------------------      -------      -------  ---------------------  -------------------  


------------------------------------------------------------------------------------------------
| Other Path Groups Table
| -----------------------
------------------------------------------------------------------------------------------------

Path Group    From Clock    To Clock          WNS(ns)      TNS(ns)  TNS Failing Endpoints  TNS Total Endpoints      WHS(ns)      THS(ns)  THS Failing Endpoints  THS Total Endpoints  
----------    ----------    --------          -------      -------  ---------------------  -------------------      -------      -------  ---------------------  -------------------  


------------------------------------------------------------------------------------------------
| Timing Details
| --------------
------------------------------------------------------------------------------------------------


---------------------------------------------------------------------------------------------------
From Clock:  clk
  To Clock:  clk

Setup :            0  Failing Endpoints,  Worst Slack        3.323ns,  Total Violation        0.000ns
Hold  :            0  Failing Endpoints,  Worst Slack        0.158ns,  Total Violation        0.000ns
PW    :            0  Failing Endpoints,  Worst Slack        4.020ns,  Total Violation        0.000ns
---------------------------------------------------------------------------------------------------


Max Delay Paths
--------------------------------------------------------------------------------------
Slack (MET) :             3.323ns  (required time - arrival time)
  Source:                 stage[13].ci/y_reg[15]/C
                            (rising edge-triggered cell FDRE clocked by clk  {rise@0.000ns fall@5.000ns period=10.000ns})
  Destination:            x_scaled_b_r_reg[22]/D
                            (rising edge-triggered cell FDRE clocked by clk  {rise@0.000ns fall@5.000ns period=10.000ns})
  Path Group:             clk
  Path Type:              Setup (Max at Slow Process Corner)
  Requirement:            10.000ns  (clk rise@10.000ns - clk rise@0.000ns)
  Data Path Delay:        6.573ns  (logic 2.953ns (44.926%)  route 3.620ns (55.074%))
  Logic Levels:           9  (CARRY4=6 LUT5=2 LUT6=1)
  Clock Path Skew:        -0.145ns (DCD - SCD + CPR)
    Destination Clock Delay (DCD):    2.079ns = ( 12.079 - 10.000 ) 
    Source Clock Delay      (SCD):    2.402ns
    Clock Pessimism Removal (CPR):    0.178ns
  Clock Uncertainty:      0.035ns  ((TSJ^2 + TIJ^2)^1/2 + DJ) / 2 + PE
    Total System Jitter     (TSJ):    0.071ns
    Total Input Jitter      (TIJ):    0.000ns
    Discrete Jitter          (DJ):    0.000ns
    Phase Error              (PE):    0.000ns

    Location             Delay type                Incr(ns)  Path(ns)    Netlist Resource(s)
  -------------------------------------------------------------------    -------------------
                         (clock clk rise edge)        0.000     0.000 r  
                                                      0.000     0.000 r  clk (IN)
                         net (fo=0)                   0.000     0.000    clk
                         IBUF (Prop_ibuf_I_O)         0.923     0.923 r  clk_IBUF_inst/O
                         net (fo=1, unplaced)         0.800     1.722    clk_IBUF
                         BUFG (Prop_bufg_I_O)         0.096     1.818 r  clk_IBUF_BUFG_inst/O
                         net (fo=876, unplaced)       0.584     2.402    stage[13].ci/CLK
                         FDRE                                         r  stage[13].ci/y_reg[15]/C
  -------------------------------------------------------------------    -------------------
                         FDRE (Prop_fdre_C_Q)         0.478     2.880 r  stage[13].ci/y_reg[15]/Q
                         net (fo=50, unplaced)        0.823     3.703    stage[13].ci/cs/z_n_r_reg[15][15]
                         LUT5 (Prop_lut5_I2_O)        0.295     3.998 r  stage[13].ci/cs/x_next0_carry__15_i_5/O
                         net (fo=1, unplaced)         0.665     4.663    stage[13].ci_n_100
                         CARRY4 (Prop_carry4_S[0]_CO[3])
                                                      0.637     5.300 r  cs/x_next0_carry__15/CO[3]
                         net (fo=1, unplaced)         0.009     5.309    cs/x_next0_carry__15_n_0
                         CARRY4 (Prop_carry4_CI_CO[3])
                                                      0.117     5.426 r  cs/x_next0_carry__0__12/CO[3]
                         net (fo=1, unplaced)         0.000     5.426    cs/x_next0_carry__0__12_n_0
                         CARRY4 (Prop_carry4_CI_O[2])
                                                      0.256     5.682 r  cs/x_next0_carry__1__12/O[2]
                         net (fo=29, unplaced)        1.183     6.865    stage[13].ci/x_scaled_b_r_reg[17][1]
                         LUT6 (Prop_lut6_I3_O)        0.301     7.166 r  stage[13].ci/x_scaled_b_r[21]_i_9/O
                         net (fo=3, unplaced)         0.467     7.633    stage[13].ci/x_scaled_b_r[21]_i_9_n_0
                         LUT5 (Prop_lut5_I0_O)        0.124     7.757 r  stage[13].ci/x_scaled_b_r[17]_i_2/O
                         net (fo=1, unplaced)         0.473     8.230    stage[13].ci/x_scaled_b_r[17]_i_2_n_0
                         CARRY4 (Prop_carry4_DI[3]_CO[3])
                                                      0.396     8.626 r  stage[13].ci/x_scaled_b_r_reg[17]_i_1/CO[3]
                         net (fo=1, unplaced)         0.000     8.626    stage[13].ci/x_scaled_b_r_reg[17]_i_1_n_0
                         CARRY4 (Prop_carry4_CI_CO[3])
                                                      0.117     8.743 r  stage[13].ci/x_scaled_b_r_reg[21]_i_1/CO[3]
                         net (fo=1, unplaced)         0.000     8.743    stage[13].ci/x_scaled_b_r_reg[21]_i_1_n_0
                         CARRY4 (Prop_carry4_CI_O[0])
                                                      0.232     8.975 r  stage[13].ci/x_scaled_b_r_reg[22]_i_1/O[0]
                         net (fo=1, unplaced)         0.000     8.975    x_scaled_b[22]
                         FDRE                                         r  x_scaled_b_r_reg[22]/D
  -------------------------------------------------------------------    -------------------

                         (clock clk rise edge)       10.000    10.000 r  
                                                      0.000    10.000 r  clk (IN)
                         net (fo=0)                   0.000    10.000    clk
                         IBUF (Prop_ibuf_I_O)         0.789    10.789 r  clk_IBUF_inst/O
                         net (fo=1, unplaced)         0.760    11.549    clk_IBUF
                         BUFG (Prop_bufg_I_O)         0.091    11.640 r  clk_IBUF_BUFG_inst/O
                         net (fo=876, unplaced)       0.439    12.079    clk_IBUF_BUFG
                         FDRE                                         r  x_scaled_b_r_reg[22]/C
                         clock pessimism              0.178    12.257    
                         clock uncertainty           -0.035    12.222    
                         FDRE (Setup_fdre_C_D)        0.076    12.298    x_scaled_b_r_reg[22]
  -------------------------------------------------------------------
                         required time                         12.298    
                         arrival time                          -8.975    
  -------------------------------------------------------------------
                         slack                                  3.323    

Slack (MET) :             3.323ns  (required time - arrival time)
  Source:                 stage[13].ci/y_reg[15]/C
                            (rising edge-triggered cell FDRE clocked by clk  {rise@0.000ns fall@5.000ns period=10.000ns})
  Destination:            y_scaled_b_r_reg[22]/D
                            (rising edge-triggered cell FDRE clocked by clk  {rise@0.000ns fall@5.000ns period=10.000ns})
  Path Group:             clk
  Path Type:              Setup (Max at Slow Process Corner)
  Requirement:            10.000ns  (clk rise@10.000ns - clk rise@0.000ns)
  Data Path Delay:        6.573ns  (logic 2.953ns (44.926%)  route 3.620ns (55.074%))
  Logic Levels:           9  (CARRY4=6 LUT5=2 LUT6=1)
  Clock Path Skew:        -0.145ns (DCD - SCD + CPR)
    Destination Clock Delay (DCD):    2.079ns = ( 12.079 - 10.000 ) 
    Source Clock Delay      (SCD):    2.402ns
    Clock Pessimism Removal (CPR):    0.178ns
  Clock Uncertainty:      0.035ns  ((TSJ^2 + TIJ^2)^1/2 + DJ) / 2 + PE
    Total System Jitter     (TSJ):    0.071ns
    Total Input Jitter      (TIJ):    0.000ns
    Discrete Jitter          (DJ):    0.000ns
    Phase Error              (PE):    0.000ns

    Location             Delay type                Incr(ns)  Path(ns)    Netlist Resource(s)
  -------------------------------------------------------------------    -------------------
                         (clock clk rise edge)        0.000     0.000 r  
                                                      0.000     0.000 r  clk (IN)
                         net (fo=0)                   0.000     0.000    clk
                         IBUF (Prop_ibuf_I_O)         0.923     0.923 r  clk_IBUF_inst/O
                         net (fo=1, unplaced)         0.800     1.722    clk_IBUF
                         BUFG (Prop_bufg_I_O)         0.096     1.818 r  clk_IBUF_BUFG_inst/O
                         net (fo=876, unplaced)       0.584     2.402    stage[13].ci/CLK
                         FDRE                                         r  stage[13].ci/y_reg[15]/C
  -------------------------------------------------------------------    -------------------
                         FDRE (Prop_fdre_C_Q)         0.478     2.880 r  stage[13].ci/y_reg[15]/Q
                         net (fo=50, unplaced)        0.823     3.703    stage[13].ci/cs/z_n_r_reg[15][15]
                         LUT5 (Prop_lut5_I2_O)        0.295     3.998 r  stage[13].ci/cs/y_next0_carry__15_i_5/O
                         net (fo=1, unplaced)         0.665     4.663    stage[13].ci_n_112
                         CARRY4 (Prop_carry4_S[0]_CO[3])
                                                      0.637     5.300 r  cs/y_next0_carry__15/CO[3]
                         net (fo=1, unplaced)         0.009     5.309    cs/y_next0_carry__15_n_0
                         CARRY4 (Prop_carry4_CI_CO[3])
                                                      0.117     5.426 r  cs/y_next0_carry__0__12/CO[3]
                         net (fo=1, unplaced)         0.000     5.426    cs/y_next0_carry__0__12_n_0
                         CARRY4 (Prop_carry4_CI_O[2])
                                                      0.256     5.682 r  cs/y_next0_carry__1__12/O[2]
                         net (fo=29, unplaced)        1.183     6.865    stage[13].ci/y_scaled_b_r_reg[17][1]
                         LUT6 (Prop_lut6_I3_O)        0.301     7.166 r  stage[13].ci/y_scaled_b_r[21]_i_9/O
                         net (fo=3, unplaced)         0.467     7.633    stage[13].ci/y_scaled_b_r[21]_i_9_n_0
                         LUT5 (Prop_lut5_I0_O)        0.124     7.757 r  stage[13].ci/y_scaled_b_r[17]_i_2/O
                         net (fo=1, unplaced)         0.473     8.230    stage[13].ci/y_scaled_b_r[17]_i_2_n_0
                         CARRY4 (Prop_carry4_DI[3]_CO[3])
                                                      0.396     8.626 r  stage[13].ci/y_scaled_b_r_reg[17]_i_1/CO[3]
                         net (fo=1, unplaced)         0.000     8.626    stage[13].ci/y_scaled_b_r_reg[17]_i_1_n_0
                         CARRY4 (Prop_carry4_CI_CO[3])
                                                      0.117     8.743 r  stage[13].ci/y_scaled_b_r_reg[21]_i_1/CO[3]
                         net (fo=1, unplaced)         0.000     8.743    stage[13].ci/y_scaled_b_r_reg[21]_i_1_n_0
                         CARRY4 (Prop_carry4_CI_O[0])
                                                      0.232     8.975 r  stage[13].ci/y_scaled_b_r_reg[22]_i_1/O[0]
                         net (fo=1, unplaced)         0.000     8.975    y_scaled_b[22]
                         FDRE                                         r  y_scaled_b_r_reg[22]/D
  -------------------------------------------------------------------    -------------------

                         (clock clk rise edge)       10.000    10.000 r  
                                                      0.000    10.000 r  clk (IN)
                         net (fo=0)                   0.000    10.000    clk
                         IBUF (Prop_ibuf_I_O)         0.789    10.789 r  clk_IBUF_inst/O
                         net (fo=1, unplaced)         0.760    11.549    clk_IBUF
                         BUFG (Prop_bufg_I_O)         0.091    11.640 r  clk_IBUF_BUFG_inst/O
                         net (fo=876, unplaced)       0.439    12.079    clk_IBUF_BUFG
                         FDRE                                         r  y_scaled_b_r_reg[22]/C
                         clock pessimism              0.178    12.257    
                         clock uncertainty           -0.035    12.222    
                         FDRE (Setup_fdre_C_D)        0.076    12.298    y_scaled_b_r_reg[22]
  -------------------------------------------------------------------
                         required time                         12.298    
                         arrival time                          -8.975    
  -------------------------------------------------------------------
                         slack                                  3.323    

Slack (MET) :             3.335ns  (required time - arrival time)
  Source:                 stage[13].ci/y_reg[15]/C
                            (rising edge-triggered cell FDRE clocked by clk  {rise@0.000ns fall@5.000ns period=10.000ns})
  Destination:            x_scaled_b_r_reg[19]/D
                            (rising edge-triggered cell FDRE clocked by clk  {rise@0.000ns fall@5.000ns period=10.000ns})
  Path Group:             clk
  Path Type:              Setup (Max at Slow Process Corner)
  Requirement:            10.000ns  (clk rise@10.000ns - clk rise@0.000ns)
  Data Path Delay:        6.561ns  (logic 2.941ns (44.825%)  route 3.620ns (55.175%))
  Logic Levels:           8  (CARRY4=5 LUT5=2 LUT6=1)
  Clock Path Skew:        -0.145ns (DCD - SCD + CPR)
    Destination Clock Delay (DCD):    2.079ns = ( 12.079 - 10.000 ) 
    Source Clock Delay      (SCD):    2.402ns
    Clock Pessimism Removal (CPR):    0.178ns
  Clock Uncertainty:      0.035ns  ((TSJ^2 + TIJ^2)^1/2 + DJ) / 2 + PE
    Total System Jitter     (TSJ):    0.071ns
    Total Input Jitter      (TIJ):    0.000ns
    Discrete Jitter          (DJ):    0.000ns
    Phase Error              (PE):    0.000ns

    Location             Delay type                Incr(ns)  Path(ns)    Netlist Resource(s)
  -------------------------------------------------------------------    -------------------
                         (clock clk rise edge)        0.000     0.000 r  
                                                      0.000     0.000 r  clk (IN)
                         net (fo=0)                   0.000     0.000    clk
                         IBUF (Prop_ibuf_I_O)         0.923     0.923 r  clk_IBUF_inst/O
                         net (fo=1, unplaced)         0.800     1.722    clk_IBUF
                         BUFG (Prop_bufg_I_O)         0.096     1.818 r  clk_IBUF_BUFG_inst/O
                         net (fo=876, unplaced)       0.584     2.402    stage[13].ci/CLK
                         FDRE                                         r  stage[13].ci/y_reg[15]/C
  -------------------------------------------------------------------    -------------------
                         FDRE (Prop_fdre_C_Q)         0.478     2.880 r  stage[13].ci/y_reg[15]/Q
                         net (fo=50, unplaced)        0.823     3.703    stage[13].ci/cs/z_n_r_reg[15][15]
                         LUT5 (Prop_lut5_I2_O)        0.295     3.998 r  stage[13].ci/cs/x_next0_carry__15_i_5/O
                         net (fo=1, unplaced)         0.665     4.663    stage[13].ci_n_100
                         CARRY4 (Prop_carry4_S[0]_CO[3])
                                                      0.637     5.300 r  cs/x_next0_carry__15/CO[3]
                         net (fo=1, unplaced)         0.009     5.309    cs/x_next0_carry__15_n_0
                         CARRY4 (Prop_carry4_CI_CO[3])
                                                      0.117     5.426 r  cs/x_next0_carry__0__12/CO[3]
                         net (fo=1, unplaced)         0.000     5.426    cs/x_next0_carry__0__12_n_0
                         CARRY4 (Prop_carry4_CI_O[2])
                                                      0.256     5.682 r  cs/x_next0_carry__1__12/O[2]
                         net (fo=29, unplaced)        1.183     6.865    stage[13].ci/x_scaled_b_r_reg[17][1]
                         LUT6 (Prop_lut6_I3_O)        0.301     7.166 r  stage[13].ci/x_scaled_b_r[21]_i_9/O
                         net (fo=3, unplaced)         0.467     7.633    stage[13].ci/x_scaled_b_r[21]_i_9_n_0
                         LUT5 (Prop_lut5_I0_O)        0.124     7.757 r  stage[13].ci/x_scaled_b_r[17]_i_2/O
                         net (fo=1, unplaced)         0.473     8.230    stage[13].ci/x_scaled_b_r[17]_i_2_n_0
                         CARRY4 (Prop_carry4_DI[3]_CO[3])
                                                      0.396     8.626 r  stage[13].ci/x_scaled_b_r_reg[17]_i_1/CO[3]
                         net (fo=1, unplaced)         0.000     8.626    stage[13].ci/x_scaled_b_r_reg[17]_i_1_n_0
                         CARRY4 (Prop_carry4_CI_O[1])
                                                      0.337     8.963 r  stage[13].ci/x_scaled_b_r_reg[21]_i_1/O[1]
                         net (fo=1, unplaced)         0.000     8.963    x_scaled_b[19]
                         FDRE                                         r  x_scaled_b_r_reg[19]/D
  -------------------------------------------------------------------    -------------------

                         (clock clk rise edge)       10.000    10.000 r  
                                                      0.000    10.000 r  clk (IN)
                         net (fo=0)                   0.000    10.000    clk
                         IBUF (Prop_ibuf_I_O)         0.789    10.789 r  clk_IBUF_inst/O
                         net (fo=1, unplaced)         0.760    11.549    clk_IBUF
                         BUFG (Prop_bufg_I_O)         0.091    11.640 r  clk_IBUF_BUFG_inst/O
                         net (fo=876, unplaced)       0.439    12.079    clk_IBUF_BUFG
                         FDRE                                         r  x_scaled_b_r_reg[19]/C
                         clock pessimism              0.178    12.257    
                         clock uncertainty           -0.035    12.222    
                         FDRE (Setup_fdre_C_D)        0.076    12.298    x_scaled_b_r_reg[19]
  -------------------------------------------------------------------
                         required time                         12.298    
                         arrival time                          -8.963    
  -------------------------------------------------------------------
                         slack                                  3.335    

Slack (MET) :             3.335ns  (required time - arrival time)
  Source:                 stage[13].ci/y_reg[15]/C
                            (rising edge-triggered cell FDRE clocked by clk  {rise@0.000ns fall@5.000ns period=10.000ns})
  Destination:            y_scaled_b_r_reg[19]/D
                            (rising edge-triggered cell FDRE clocked by clk  {rise@0.000ns fall@5.000ns period=10.000ns})
  Path Group:             clk
  Path Type:              Setup (Max at Slow Process Corner)
  Requirement:            10.000ns  (clk rise@10.000ns - clk rise@0.000ns)
  Data Path Delay:        6.561ns  (logic 2.941ns (44.825%)  route 3.620ns (55.175%))
  Logic Levels:           8  (CARRY4=5 LUT5=2 LUT6=1)
  Clock Path Skew:        -0.145ns (DCD - SCD + CPR)
    Destination Clock Delay (DCD):    2.079ns = ( 12.079 - 10.000 ) 
    Source Clock Delay      (SCD):    2.402ns
    Clock Pessimism Removal (CPR):    0.178ns
  Clock Uncertainty:      0.035ns  ((TSJ^2 + TIJ^2)^1/2 + DJ) / 2 + PE
    Total System Jitter     (TSJ):    0.071ns
    Total Input Jitter      (TIJ):    0.000ns
    Discrete Jitter          (DJ):    0.000ns
    Phase Error              (PE):    0.000ns

    Location             Delay type                Incr(ns)  Path(ns)    Netlist Resource(s)
  -------------------------------------------------------------------    -------------------
                         (clock clk rise edge)        0.000     0.000 r  
                                                      0.000     0.000 r  clk (IN)
                         net (fo=0)                   0.000     0.000    clk
                         IBUF (Prop_ibuf_I_O)         0.923     0.923 r  clk_IBUF_inst/O
                         net (fo=1, unplaced)         0.800     1.722    clk_IBUF
                         BUFG (Prop_bufg_I_O)         0.096     1.818 r  clk_IBUF_BUFG_inst/O
                         net (fo=876, unplaced)       0.584     2.402    stage[13].ci/CLK
                         FDRE                                         r  stage[13].ci/y_reg[15]/C
  -------------------------------------------------------------------    -------------------
                         FDRE (Prop_fdre_C_Q)         0.478     2.880 r  stage[13].ci/y_reg[15]/Q
                         net (fo=50, unplaced)        0.823     3.703    stage[13].ci/cs/z_n_r_reg[15][15]
                         LUT5 (Prop_lut5_I2_O)        0.295     3.998 r  stage[13].ci/cs/y_next0_carry__15_i_5/O
                         net (fo=1, unplaced)         0.665     4.663    stage[13].ci_n_112
                         CARRY4 (Prop_carry4_S[0]_CO[3])
                                                      0.637     5.300 r  cs/y_next0_carry__15/CO[3]
                         net (fo=1, unplaced)         0.009     5.309    cs/y_next0_carry__15_n_0
                         CARRY4 (Prop_carry4_CI_CO[3])
                                                      0.117     5.426 r  cs/y_next0_carry__0__12/CO[3]
                         net (fo=1, unplaced)         0.000     5.426    cs/y_next0_carry__0__12_n_0
                         CARRY4 (Prop_carry4_CI_O[2])
                                                      0.256     5.682 r  cs/y_next0_carry__1__12/O[2]
                         net (fo=29, unplaced)        1.183     6.865    stage[13].ci/y_scaled_b_r_reg[17][1]
                         LUT6 (Prop_lut6_I3_O)        0.301     7.166 r  stage[13].ci/y_scaled_b_r[21]_i_9/O
                         net (fo=3, unplaced)         0.467     7.633    stage[13].ci/y_scaled_b_r[21]_i_9_n_0
                         LUT5 (Prop_lut5_I0_O)        0.124     7.757 r  stage[13].ci/y_scaled_b_r[17]_i_2/O
                         net (fo=1, unplaced)         0.473     8.230    stage[13].ci/y_scaled_b_r[17]_i_2_n_0
                         CARRY4 (Prop_carry4_DI[3]_CO[3])
                                                      0.396     8.626 r  stage[13].ci/y_scaled_b_r_reg[17]_i_1/CO[3]
                         net (fo=1, unplaced)         0.000     8.626    stage[13].ci/y_scaled_b_r_reg[17]_i_1_n_0
                         CARRY4 (Prop_carry4_CI_O[1])
                                                      0.337     8.963 r  stage[13].ci/y_scaled_b_r_reg[21]_i_1/O[1]
                         net (fo=1, unplaced)         0.000     8.963    y_scaled_b[19]
                         FDRE                                         r  y_scaled_b_r_reg[19]/D
  -------------------------------------------------------------------    -------------------

                         (clock clk rise edge)       10.000    10.000 r  
                                                      0.000    10.000 r  clk (IN)
                         net (fo=0)                   0.000    10.000    clk
                         IBUF (Prop_ibuf_I_O)         0.789    10.789 r  clk_IBUF_inst/O
                         net (fo=1, unplaced)         0.760    11.549    clk_IBUF
                         BUFG (Prop_bufg_I_O)         0.091    11.640 r  clk_IBUF_BUFG_inst/O
                         net (fo=876, unplaced)       0.439    12.079    clk_IBUF_BUFG
                         FDRE                                         r  y_scaled_b_r_reg[19]/C
                         clock pessimism              0.178    12.257    
                         clock uncertainty           -0.035    12.222    
                         FDRE (Setup_fdre_C_D)        0.076    12.298    y_scaled_b_r_reg[19]
  -------------------------------------------------------------------
                         required time                         12.298    
                         arrival time                          -8.963    
  -------------------------------------------------------------------
                         slack                                  3.335    

Slack (MET) :             3.341ns  (required time - arrival time)
  Source:                 stage[13].ci/y_reg[15]/C
                            (rising edge-triggered cell FDRE clocked by clk  {rise@0.000ns fall@5.000ns period=10.000ns})
  Destination:            x_scaled_b_r_reg[21]/D
                            (rising edge-triggered cell FDRE clocked by clk  {rise@0.000ns fall@5.000ns period=10.000ns})
  Path Group:             clk
  Path Type:              Setup (Max at Slow Process Corner)
  Requirement:            10.000ns  (clk rise@10.000ns - clk rise@0.000ns)
  Data Path Delay:        6.555ns  (logic 2.935ns (44.775%)  route 3.620ns (55.225%))
  Logic Levels:           8  (CARRY4=5 LUT5=2 LUT6=1)
  Clock Path Skew:        -0.145ns (DCD - SCD + CPR)
    Destination Clock Delay (DCD):    2.079ns = ( 12.079 - 10.000 ) 
    Source Clock Delay      (SCD):    2.402ns
    Clock Pessimism Removal (CPR):    0.178ns
  Clock Uncertainty:      0.035ns  ((TSJ^2 + TIJ^2)^1/2 + DJ) / 2 + PE
    Total System Jitter     (TSJ):    0.071ns
    Total Input Jitter      (TIJ):    0.000ns
    Discrete Jitter          (DJ):    0.000ns
    Phase Error              (PE):    0.000ns

    Location             Delay type                Incr(ns)  Path(ns)    Netlist Resource(s)
  -------------------------------------------------------------------    -------------------
                         (clock clk rise edge)        0.000     0.000 r  
                                                      0.000     0.000 r  clk (IN)
                         net (fo=0)                   0.000     0.000    clk
                         IBUF (Prop_ibuf_I_O)         0.923     0.923 r  clk_IBUF_inst/O
                         net (fo=1, unplaced)         0.800     1.722    clk_IBUF
                         BUFG (Prop_bufg_I_O)         0.096     1.818 r  clk_IBUF_BUFG_inst/O
                         net (fo=876, unplaced)       0.584     2.402    stage[13].ci/CLK
                         FDRE                                         r  stage[13].ci/y_reg[15]/C
  -------------------------------------------------------------------    -------------------
                         FDRE (Prop_fdre_C_Q)         0.478     2.880 r  stage[13].ci/y_reg[15]/Q
                         net (fo=50, unplaced)        0.823     3.703    stage[13].ci/cs/z_n_r_reg[15][15]
                         LUT5 (Prop_lut5_I2_O)        0.295     3.998 r  stage[13].ci/cs/x_next0_carry__15_i_5/O
                         net (fo=1, unplaced)         0.665     4.663    stage[13].ci_n_100
                         CARRY4 (Prop_carry4_S[0]_CO[3])
                                                      0.637     5.300 r  cs/x_next0_carry__15/CO[3]
                         net (fo=1, unplaced)         0.009     5.309    cs/x_next0_carry__15_n_0
                         CARRY4 (Prop_carry4_CI_CO[3])
                                                      0.117     5.426 r  cs/x_next0_carry__0__12/CO[3]
                         net (fo=1, unplaced)         0.000     5.426    cs/x_next0_carry__0__12_n_0
                         CARRY4 (Prop_carry4_CI_O[2])
                                                      0.256     5.682 r  cs/x_next0_carry__1__12/O[2]
                         net (fo=29, unplaced)        1.183     6.865    stage[13].ci/x_scaled_b_r_reg[17][1]
                         LUT6 (Prop_lut6_I3_O)        0.301     7.166 r  stage[13].ci/x_scaled_b_r[21]_i_9/O
                         net (fo=3, unplaced)         0.467     7.633    stage[13].ci/x_scaled_b_r[21]_i_9_n_0
                         LUT5 (Prop_lut5_I0_O)        0.124     7.757 r  stage[13].ci/x_scaled_b_r[17]_i_2/O
                         net (fo=1, unplaced)         0.473     8.230    stage[13].ci/x_scaled_b_r[17]_i_2_n_0
                         CARRY4 (Prop_carry4_DI[3]_CO[3])
                                                      0.396     8.626 r  stage[13].ci/x_scaled_b_r_reg[17]_i_1/CO[3]
                         net (fo=1, unplaced)         0.000     8.626    stage[13].ci/x_scaled_b_r_reg[17]_i_1_n_0
                         CARRY4 (Prop_carry4_CI_O[3])
                                                      0.331     8.957 r  stage[13].ci/x_scaled_b_r_reg[21]_i_1/O[3]
                         net (fo=1, unplaced)         0.000     8.957    x_scaled_b[21]
                         FDRE                                         r  x_scaled_b_r_reg[21]/D
  -------------------------------------------------------------------    -------------------

                         (clock clk rise edge)       10.000    10.000 r  
                                                      0.000    10.000 r  clk (IN)
                         net (fo=0)                   0.000    10.000    clk
                         IBUF (Prop_ibuf_I_O)         0.789    10.789 r  clk_IBUF_inst/O
                         net (fo=1, unplaced)         0.760    11.549    clk_IBUF
                         BUFG (Prop_bufg_I_O)         0.091    11.640 r  clk_IBUF_BUFG_inst/O
                         net (fo=876, unplaced)       0.439    12.079    clk_IBUF_BUFG
                         FDRE                                         r  x_scaled_b_r_reg[21]/C
                         clock pessimism              0.178    12.257    
                         clock uncertainty           -0.035    12.222    
                         FDRE (Setup_fdre_C_D)        0.076    12.298    x_scaled_b_r_reg[21]
  -------------------------------------------------------------------
                         required time                         12.298    
                         arrival time                          -8.957    
  -------------------------------------------------------------------
                         slack                                  3.341    

Slack (MET) :             3.341ns  (required time - arrival time)
  Source:                 stage[13].ci/y_reg[15]/C
                            (rising edge-triggered cell FDRE clocked by clk  {rise@0.000ns fall@5.000ns period=10.000ns})
  Destination:            y_scaled_b_r_reg[21]/D
                            (rising edge-triggered cell FDRE clocked by clk  {rise@0.000ns fall@5.000ns period=10.000ns})
  Path Group:             clk
  Path Type:              Setup (Max at Slow Process Corner)
  Requirement:            10.000ns  (clk rise@10.000ns - clk rise@0.000ns)
  Data Path Delay:        6.555ns  (logic 2.935ns (44.775%)  route 3.620ns (55.225%))
  Logic Levels:           8  (CARRY4=5 LUT5=2 LUT6=1)
  Clock Path Skew:        -0.145ns (DCD - SCD + CPR)
    Destination Clock Delay (DCD):    2.079ns = ( 12.079 - 10.000 ) 
    Source Clock Delay      (SCD):    2.402ns
    Clock Pessimism Removal (CPR):    0.178ns
  Clock Uncertainty:      0.035ns  ((TSJ^2 + TIJ^2)^1/2 + DJ) / 2 + PE
    Total System Jitter     (TSJ):    0.071ns
    Total Input Jitter      (TIJ):    0.000ns
    Discrete Jitter          (DJ):    0.000ns
    Phase Error              (PE):    0.000ns

    Location             Delay type                Incr(ns)  Path(ns)    Netlist Resource(s)
  -------------------------------------------------------------------    -------------------
                         (clock clk rise edge)        0.000     0.000 r  
                                                      0.000     0.000 r  clk (IN)
                         net (fo=0)                   0.000     0.000    clk
                         IBUF (Prop_ibuf_I_O)         0.923     0.923 r  clk_IBUF_inst/O
                         net (fo=1, unplaced)         0.800     1.722    clk_IBUF
                         BUFG (Prop_bufg_I_O)         0.096     1.818 r  clk_IBUF_BUFG_inst/O
                         net (fo=876, unplaced)       0.584     2.402    stage[13].ci/CLK
                         FDRE                                         r  stage[13].ci/y_reg[15]/C
  -------------------------------------------------------------------    -------------------
                         FDRE (Prop_fdre_C_Q)         0.478     2.880 r  stage[13].ci/y_reg[15]/Q
                         net (fo=50, unplaced)        0.823     3.703    stage[13].ci/cs/z_n_r_reg[15][15]
                         LUT5 (Prop_lut5_I2_O)        0.295     3.998 r  stage[13].ci/cs/y_next0_carry__15_i_5/O
                         net (fo=1, unplaced)         0.665     4.663    stage[13].ci_n_112
                         CARRY4 (Prop_carry4_S[0]_CO[3])
                                                      0.637     5.300 r  cs/y_next0_carry__15/CO[3]
                         net (fo=1, unplaced)         0.009     5.309    cs/y_next0_carry__15_n_0
                         CARRY4 (Prop_carry4_CI_CO[3])
                                                      0.117     5.426 r  cs/y_next0_carry__0__12/CO[3]
                         net (fo=1, unplaced)         0.000     5.426    cs/y_next0_carry__0__12_n_0
                         CARRY4 (Prop_carry4_CI_O[2])
                                                      0.256     5.682 r  cs/y_next0_carry__1__12/O[2]
                         net (fo=29, unplaced)        1.183     6.865    stage[13].ci/y_scaled_b_r_reg[17][1]
                         LUT6 (Prop_lut6_I3_O)        0.301     7.166 r  stage[13].ci/y_scaled_b_r[21]_i_9/O
                         net (fo=3, unplaced)         0.467     7.633    stage[13].ci/y_scaled_b_r[21]_i_9_n_0
                         LUT5 (Prop_lut5_I0_O)        0.124     7.757 r  stage[13].ci/y_scaled_b_r[17]_i_2/O
                         net (fo=1, unplaced)         0.473     8.230    stage[13].ci/y_scaled_b_r[17]_i_2_n_0
                         CARRY4 (Prop_carry4_DI[3]_CO[3])
                                                      0.396     8.626 r  stage[13].ci/y_scaled_b_r_reg[17]_i_1/CO[3]
                         net (fo=1, unplaced)         0.000     8.626    stage[13].ci/y_scaled_b_r_reg[17]_i_1_n_0
                         CARRY4 (Prop_carry4_CI_O[3])
                                                      0.331     8.957 r  stage[13].ci/y_scaled_b_r_reg[21]_i_1/O[3]
                         net (fo=1, unplaced)         0.000     8.957    y_scaled_b[21]
                         FDRE                                         r  y_scaled_b_r_reg[21]/D
  -------------------------------------------------------------------    -------------------

                         (clock clk rise edge)       10.000    10.000 r  
                                                      0.000    10.000 r  clk (IN)
                         net (fo=0)                   0.000    10.000    clk
                         IBUF (Prop_ibuf_I_O)         0.789    10.789 r  clk_IBUF_inst/O
                         net (fo=1, unplaced)         0.760    11.549    clk_IBUF
                         BUFG (Prop_bufg_I_O)         0.091    11.640 r  clk_IBUF_BUFG_inst/O
                         net (fo=876, unplaced)       0.439    12.079    clk_IBUF_BUFG
                         FDRE                                         r  y_scaled_b_r_reg[21]/C
                         clock pessimism              0.178    12.257    
                         clock uncertainty           -0.035    12.222    
                         FDRE (Setup_fdre_C_D)        0.076    12.298    y_scaled_b_r_reg[21]
  -------------------------------------------------------------------
                         required time                         12.298    
                         arrival time                          -8.957    
  -------------------------------------------------------------------
                         slack                                  3.341    

Slack (MET) :             3.416ns  (required time - arrival time)
  Source:                 stage[13].ci/y_reg[15]/C
                            (rising edge-triggered cell FDRE clocked by clk  {rise@0.000ns fall@5.000ns period=10.000ns})
  Destination:            x_scaled_b_r_reg[20]/D
                            (rising edge-triggered cell FDRE clocked by clk  {rise@0.000ns fall@5.000ns period=10.000ns})
  Path Group:             clk
  Path Type:              Setup (Max at Slow Process Corner)
  Requirement:            10.000ns  (clk rise@10.000ns - clk rise@0.000ns)
  Data Path Delay:        6.480ns  (logic 2.860ns (44.136%)  route 3.620ns (55.864%))
  Logic Levels:           8  (CARRY4=5 LUT5=2 LUT6=1)
  Clock Path Skew:        -0.145ns (DCD - SCD + CPR)
    Destination Clock Delay (DCD):    2.079ns = ( 12.079 - 10.000 ) 
    Source Clock Delay      (SCD):    2.402ns
    Clock Pessimism Removal (CPR):    0.178ns
  Clock Uncertainty:      0.035ns  ((TSJ^2 + TIJ^2)^1/2 + DJ) / 2 + PE
    Total System Jitter     (TSJ):    0.071ns
    Total Input Jitter      (TIJ):    0.000ns
    Discrete Jitter          (DJ):    0.000ns
    Phase Error              (PE):    0.000ns

    Location             Delay type                Incr(ns)  Path(ns)    Netlist Resource(s)
  -------------------------------------------------------------------    -------------------
                         (clock clk rise edge)        0.000     0.000 r  
                                                      0.000     0.000 r  clk (IN)
                         net (fo=0)                   0.000     0.000    clk
                         IBUF (Prop_ibuf_I_O)         0.923     0.923 r  clk_IBUF_inst/O
                         net (fo=1, unplaced)         0.800     1.722    clk_IBUF
                         BUFG (Prop_bufg_I_O)         0.096     1.818 r  clk_IBUF_BUFG_inst/O
                         net (fo=876, unplaced)       0.584     2.402    stage[13].ci/CLK
                         FDRE                                         r  stage[13].ci/y_reg[15]/C
  -------------------------------------------------------------------    -------------------
                         FDRE (Prop_fdre_C_Q)         0.478     2.880 r  stage[13].ci/y_reg[15]/Q
                         net (fo=50, unplaced)        0.823     3.703    stage[13].ci/cs/z_n_r_reg[15][15]
                         LUT5 (Prop_lut5_I2_O)        0.295     3.998 r  stage[13].ci/cs/x_next0_carry__15_i_5/O
                         net (fo=1, unplaced)         0.665     4.663    stage[13].ci_n_100
                         CARRY4 (Prop_carry4_S[0]_CO[3])
                                                      0.637     5.300 r  cs/x_next0_carry__15/CO[3]
                         net (fo=1, unplaced)         0.009     5.309    cs/x_next0_carry__15_n_0
                         CARRY4 (Prop_carry4_CI_CO[3])
                                                      0.117     5.426 r  cs/x_next0_carry__0__12/CO[3]
                         net (fo=1, unplaced)         0.000     5.426    cs/x_next0_carry__0__12_n_0
                         CARRY4 (Prop_carry4_CI_O[2])
                                                      0.256     5.682 r  cs/x_next0_carry__1__12/O[2]
                         net (fo=29, unplaced)        1.183     6.865    stage[13].ci/x_scaled_b_r_reg[17][1]
                         LUT6 (Prop_lut6_I3_O)        0.301     7.166 r  stage[13].ci/x_scaled_b_r[21]_i_9/O
                         net (fo=3, unplaced)         0.467     7.633    stage[13].ci/x_scaled_b_r[21]_i_9_n_0
                         LUT5 (Prop_lut5_I0_O)        0.124     7.757 r  stage[13].ci/x_scaled_b_r[17]_i_2/O
                         net (fo=1, unplaced)         0.473     8.230    stage[13].ci/x_scaled_b_r[17]_i_2_n_0
                         CARRY4 (Prop_carry4_DI[3]_CO[3])
                                                      0.396     8.626 r  stage[13].ci/x_scaled_b_r_reg[17]_i_1/CO[3]
                         net (fo=1, unplaced)         0.000     8.626    stage[13].ci/x_scaled_b_r_reg[17]_i_1_n_0
                         CARRY4 (Prop_carry4_CI_O[2])
                                                      0.256     8.882 r  stage[13].ci/x_scaled_b_r_reg[21]_i_1/O[2]
                         net (fo=1, unplaced)         0.000     8.882    x_scaled_b[20]
                         FDRE                                         r  x_scaled_b_r_reg[20]/D
  -------------------------------------------------------------------    -------------------

                         (clock clk rise edge)       10.000    10.000 r  
                                                      0.000    10.000 r  clk (IN)
                         net (fo=0)                   0.000    10.000    clk
                         IBUF (Prop_ibuf_I_O)         0.789    10.789 r  clk_IBUF_inst/O
                         net (fo=1, unplaced)         0.760    11.549    clk_IBUF
                         BUFG (Prop_bufg_I_O)         0.091    11.640 r  clk_IBUF_BUFG_inst/O
                         net (fo=876, unplaced)       0.439    12.079    clk_IBUF_BUFG
                         FDRE                                         r  x_scaled_b_r_reg[20]/C
                         clock pessimism              0.178    12.257    
                         clock uncertainty           -0.035    12.222    
                         FDRE (Setup_fdre_C_D)        0.076    12.298    x_scaled_b_r_reg[20]
  -------------------------------------------------------------------
                         required time                         12.298    
                         arrival time                          -8.882    
  -------------------------------------------------------------------
                         slack                                  3.416    

Slack (MET) :             3.416ns  (required time - arrival time)
  Source:                 stage[13].ci/y_reg[15]/C
                            (rising edge-triggered cell FDRE clocked by clk  {rise@0.000ns fall@5.000ns period=10.000ns})
  Destination:            y_scaled_b_r_reg[20]/D
                            (rising edge-triggered cell FDRE clocked by clk  {rise@0.000ns fall@5.000ns period=10.000ns})
  Path Group:             clk
  Path Type:              Setup (Max at Slow Process Corner)
  Requirement:            10.000ns  (clk rise@10.000ns - clk rise@0.000ns)
  Data Path Delay:        6.480ns  (logic 2.860ns (44.136%)  route 3.620ns (55.864%))
  Logic Levels:           8  (CARRY4=5 LUT5=2 LUT6=1)
  Clock Path Skew:        -0.145ns (DCD - SCD + CPR)
    Destination Clock Delay (DCD):    2.079ns = ( 12.079 - 10.000 ) 
    Source Clock Delay      (SCD):    2.402ns
    Clock Pessimism Removal (CPR):    0.178ns
  Clock Uncertainty:      0.035ns  ((TSJ^2 + TIJ^2)^1/2 + DJ) / 2 + PE
    Total System Jitter     (TSJ):    0.071ns
    Total Input Jitter      (TIJ):    0.000ns
    Discrete Jitter          (DJ):    0.000ns
    Phase Error              (PE):    0.000ns

    Location             Delay type                Incr(ns)  Path(ns)    Netlist Resource(s)
  -------------------------------------------------------------------    -------------------
                         (clock clk rise edge)        0.000     0.000 r  
                                                      0.000     0.000 r  clk (IN)
                         net (fo=0)                   0.000     0.000    clk
                         IBUF (Prop_ibuf_I_O)         0.923     0.923 r  clk_IBUF_inst/O
                         net (fo=1, unplaced)         0.800     1.722    clk_IBUF
                         BUFG (Prop_bufg_I_O)         0.096     1.818 r  clk_IBUF_BUFG_inst/O
                         net (fo=876, unplaced)       0.584     2.402    stage[13].ci/CLK
                         FDRE                                         r  stage[13].ci/y_reg[15]/C
  -------------------------------------------------------------------    -------------------
                         FDRE (Prop_fdre_C_Q)         0.478     2.880 r  stage[13].ci/y_reg[15]/Q
                         net (fo=50, unplaced)        0.823     3.703    stage[13].ci/cs/z_n_r_reg[15][15]
                         LUT5 (Prop_lut5_I2_O)        0.295     3.998 r  stage[13].ci/cs/y_next0_carry__15_i_5/O
                         net (fo=1, unplaced)         0.665     4.663    stage[13].ci_n_112
                         CARRY4 (Prop_carry4_S[0]_CO[3])
                                                      0.637     5.300 r  cs/y_next0_carry__15/CO[3]
                         net (fo=1, unplaced)         0.009     5.309    cs/y_next0_carry__15_n_0
                         CARRY4 (Prop_carry4_CI_CO[3])
                                                      0.117     5.426 r  cs/y_next0_carry__0__12/CO[3]
                         net (fo=1, unplaced)         0.000     5.426    cs/y_next0_carry__0__12_n_0
                         CARRY4 (Prop_carry4_CI_O[2])
                                                      0.256     5.682 r  cs/y_next0_carry__1__12/O[2]
                         net (fo=29, unplaced)        1.183     6.865    stage[13].ci/y_scaled_b_r_reg[17][1]
                         LUT6 (Prop_lut6_I3_O)        0.301     7.166 r  stage[13].ci/y_scaled_b_r[21]_i_9/O
                         net (fo=3, unplaced)         0.467     7.633    stage[13].ci/y_scaled_b_r[21]_i_9_n_0
                         LUT5 (Prop_lut5_I0_O)        0.124     7.757 r  stage[13].ci/y_scaled_b_r[17]_i_2/O
                         net (fo=1, unplaced)         0.473     8.230    stage[13].ci/y_scaled_b_r[17]_i_2_n_0
                         CARRY4 (Prop_carry4_DI[3]_CO[3])
                                                      0.396     8.626 r  stage[13].ci/y_scaled_b_r_reg[17]_i_1/CO[3]
                         net (fo=1, unplaced)         0.000     8.626    stage[13].ci/y_scaled_b_r_reg[17]_i_1_n_0
                         CARRY4 (Prop_carry4_CI_O[2])
                                                      0.256     8.882 r  stage[13].ci/y_scaled_b_r_reg[21]_i_1/O[2]
                         net (fo=1, unplaced)         0.000     8.882    y_scaled_b[20]
                         FDRE                                         r  y_scaled_b_r_reg[20]/D
  -------------------------------------------------------------------    -------------------

                         (clock clk rise edge)       10.000    10.000 r  
                                                      0.000    10.000 r  clk (IN)
                         net (fo=0)                   0.000    10.000    clk
                         IBUF (Prop_ibuf_I_O)         0.789    10.789 r  clk_IBUF_inst/O
                         net (fo=1, unplaced)         0.760    11.549    clk_IBUF
                         BUFG (Prop_bufg_I_O)         0.091    11.640 r  clk_IBUF_BUFG_inst/O
                         net (fo=876, unplaced)       0.439    12.079    clk_IBUF_BUFG
                         FDRE                                         r  y_scaled_b_r_reg[20]/C
                         clock pessimism              0.178    12.257    
                         clock uncertainty           -0.035    12.222    
                         FDRE (Setup_fdre_C_D)        0.076    12.298    y_scaled_b_r_reg[20]
  -------------------------------------------------------------------
                         required time                         12.298    
                         arrival time                          -8.882    
  -------------------------------------------------------------------
                         slack                                  3.416    

Slack (MET) :             3.440ns  (required time - arrival time)
  Source:                 stage[13].ci/y_reg[15]/C
                            (rising edge-triggered cell FDRE clocked by clk  {rise@0.000ns fall@5.000ns period=10.000ns})
  Destination:            x_scaled_b_r_reg[18]/D
                            (rising edge-triggered cell FDRE clocked by clk  {rise@0.000ns fall@5.000ns period=10.000ns})
  Path Group:             clk
  Path Type:              Setup (Max at Slow Process Corner)
  Requirement:            10.000ns  (clk rise@10.000ns - clk rise@0.000ns)
  Data Path Delay:        6.456ns  (logic 2.836ns (43.928%)  route 3.620ns (56.072%))
  Logic Levels:           8  (CARRY4=5 LUT5=2 LUT6=1)
  Clock Path Skew:        -0.145ns (DCD - SCD + CPR)
    Destination Clock Delay (DCD):    2.079ns = ( 12.079 - 10.000 ) 
    Source Clock Delay      (SCD):    2.402ns
    Clock Pessimism Removal (CPR):    0.178ns
  Clock Uncertainty:      0.035ns  ((TSJ^2 + TIJ^2)^1/2 + DJ) / 2 + PE
    Total System Jitter     (TSJ):    0.071ns
    Total Input Jitter      (TIJ):    0.000ns
    Discrete Jitter          (DJ):    0.000ns
    Phase Error              (PE):    0.000ns

    Location             Delay type                Incr(ns)  Path(ns)    Netlist Resource(s)
  -------------------------------------------------------------------    -------------------
                         (clock clk rise edge)        0.000     0.000 r  
                                                      0.000     0.000 r  clk (IN)
                         net (fo=0)                   0.000     0.000    clk
                         IBUF (Prop_ibuf_I_O)         0.923     0.923 r  clk_IBUF_inst/O
                         net (fo=1, unplaced)         0.800     1.722    clk_IBUF
                         BUFG (Prop_bufg_I_O)         0.096     1.818 r  clk_IBUF_BUFG_inst/O
                         net (fo=876, unplaced)       0.584     2.402    stage[13].ci/CLK
                         FDRE                                         r  stage[13].ci/y_reg[15]/C
  -------------------------------------------------------------------    -------------------
                         FDRE (Prop_fdre_C_Q)         0.478     2.880 r  stage[13].ci/y_reg[15]/Q
                         net (fo=50, unplaced)        0.823     3.703    stage[13].ci/cs/z_n_r_reg[15][15]
                         LUT5 (Prop_lut5_I2_O)        0.295     3.998 r  stage[13].ci/cs/x_next0_carry__15_i_5/O
                         net (fo=1, unplaced)         0.665     4.663    stage[13].ci_n_100
                         CARRY4 (Prop_carry4_S[0]_CO[3])
                                                      0.637     5.300 r  cs/x_next0_carry__15/CO[3]
                         net (fo=1, unplaced)         0.009     5.309    cs/x_next0_carry__15_n_0
                         CARRY4 (Prop_carry4_CI_CO[3])
                                                      0.117     5.426 r  cs/x_next0_carry__0__12/CO[3]
                         net (fo=1, unplaced)         0.000     5.426    cs/x_next0_carry__0__12_n_0
                         CARRY4 (Prop_carry4_CI_O[2])
                                                      0.256     5.682 r  cs/x_next0_carry__1__12/O[2]
                         net (fo=29, unplaced)        1.183     6.865    stage[13].ci/x_scaled_b_r_reg[17][1]
                         LUT6 (Prop_lut6_I3_O)        0.301     7.166 r  stage[13].ci/x_scaled_b_r[21]_i_9/O
                         net (fo=3, unplaced)         0.467     7.633    stage[13].ci/x_scaled_b_r[21]_i_9_n_0
                         LUT5 (Prop_lut5_I0_O)        0.124     7.757 r  stage[13].ci/x_scaled_b_r[17]_i_2/O
                         net (fo=1, unplaced)         0.473     8.230    stage[13].ci/x_scaled_b_r[17]_i_2_n_0
                         CARRY4 (Prop_carry4_DI[3]_CO[3])
                                                      0.396     8.626 r  stage[13].ci/x_scaled_b_r_reg[17]_i_1/CO[3]
                         net (fo=1, unplaced)         0.000     8.626    stage[13].ci/x_scaled_b_r_reg[17]_i_1_n_0
                         CARRY4 (Prop_carry4_CI_O[0])
                                                      0.232     8.858 r  stage[13].ci/x_scaled_b_r_reg[21]_i_1/O[0]
                         net (fo=1, unplaced)         0.000     8.858    x_scaled_b[18]
                         FDRE                                         r  x_scaled_b_r_reg[18]/D
  -------------------------------------------------------------------    -------------------

                         (clock clk rise edge)       10.000    10.000 r  
                                                      0.000    10.000 r  clk (IN)
                         net (fo=0)                   0.000    10.000    clk
                         IBUF (Prop_ibuf_I_O)         0.789    10.789 r  clk_IBUF_inst/O
                         net (fo=1, unplaced)         0.760    11.549    clk_IBUF
                         BUFG (Prop_bufg_I_O)         0.091    11.640 r  clk_IBUF_BUFG_inst/O
                         net (fo=876, unplaced)       0.439    12.079    clk_IBUF_BUFG
                         FDRE                                         r  x_scaled_b_r_reg[18]/C
                         clock pessimism              0.178    12.257    
                         clock uncertainty           -0.035    12.222    
                         FDRE (Setup_fdre_C_D)        0.076    12.298    x_scaled_b_r_reg[18]
  -------------------------------------------------------------------
                         required time                         12.298    
                         arrival time                          -8.858    
  -------------------------------------------------------------------
                         slack                                  3.440    

Slack (MET) :             3.440ns  (required time - arrival time)
  Source:                 stage[13].ci/y_reg[15]/C
                            (rising edge-triggered cell FDRE clocked by clk  {rise@0.000ns fall@5.000ns period=10.000ns})
  Destination:            y_scaled_b_r_reg[18]/D
                            (rising edge-triggered cell FDRE clocked by clk  {rise@0.000ns fall@5.000ns period=10.000ns})
  Path Group:             clk
  Path Type:              Setup (Max at Slow Process Corner)
  Requirement:            10.000ns  (clk rise@10.000ns - clk rise@0.000ns)
  Data Path Delay:        6.456ns  (logic 2.836ns (43.928%)  route 3.620ns (56.072%))
  Logic Levels:           8  (CARRY4=5 LUT5=2 LUT6=1)
  Clock Path Skew:        -0.145ns (DCD - SCD + CPR)
    Destination Clock Delay (DCD):    2.079ns = ( 12.079 - 10.000 ) 
    Source Clock Delay      (SCD):    2.402ns
    Clock Pessimism Removal (CPR):    0.178ns
  Clock Uncertainty:      0.035ns  ((TSJ^2 + TIJ^2)^1/2 + DJ) / 2 + PE
    Total System Jitter     (TSJ):    0.071ns
    Total Input Jitter      (TIJ):    0.000ns
    Discrete Jitter          (DJ):    0.000ns
    Phase Error              (PE):    0.000ns

    Location             Delay type                Incr(ns)  Path(ns)    Netlist Resource(s)
  -------------------------------------------------------------------    -------------------
                         (clock clk rise edge)        0.000     0.000 r  
                                                      0.000     0.000 r  clk (IN)
                         net (fo=0)                   0.000     0.000    clk
                         IBUF (Prop_ibuf_I_O)         0.923     0.923 r  clk_IBUF_inst/O
                         net (fo=1, unplaced)         0.800     1.722    clk_IBUF
                         BUFG (Prop_bufg_I_O)         0.096     1.818 r  clk_IBUF_BUFG_inst/O
                         net (fo=876, unplaced)       0.584     2.402    stage[13].ci/CLK
                         FDRE                                         r  stage[13].ci/y_reg[15]/C
  -------------------------------------------------------------------    -------------------
                         FDRE (Prop_fdre_C_Q)         0.478     2.880 r  stage[13].ci/y_reg[15]/Q
                         net (fo=50, unplaced)        0.823     3.703    stage[13].ci/cs/z_n_r_reg[15][15]
                         LUT5 (Prop_lut5_I2_O)        0.295     3.998 r  stage[13].ci/cs/y_next0_carry__15_i_5/O
                         net (fo=1, unplaced)         0.665     4.663    stage[13].ci_n_112
                         CARRY4 (Prop_carry4_S[0]_CO[3])
                                                      0.637     5.300 r  cs/y_next0_carry__15/CO[3]
                         net (fo=1, unplaced)         0.009     5.309    cs/y_next0_carry__15_n_0
                         CARRY4 (Prop_carry4_CI_CO[3])
                                                      0.117     5.426 r  cs/y_next0_carry__0__12/CO[3]
                         net (fo=1, unplaced)         0.000     5.426    cs/y_next0_carry__0__12_n_0
                         CARRY4 (Prop_carry4_CI_O[2])
                                                      0.256     5.682 r  cs/y_next0_carry__1__12/O[2]
                         net (fo=29, unplaced)        1.183     6.865    stage[13].ci/y_scaled_b_r_reg[17][1]
                         LUT6 (Prop_lut6_I3_O)        0.301     7.166 r  stage[13].ci/y_scaled_b_r[21]_i_9/O
                         net (fo=3, unplaced)         0.467     7.633    stage[13].ci/y_scaled_b_r[21]_i_9_n_0
                         LUT5 (Prop_lut5_I0_O)        0.124     7.757 r  stage[13].ci/y_scaled_b_r[17]_i_2/O
                         net (fo=1, unplaced)         0.473     8.230    stage[13].ci/y_scaled_b_r[17]_i_2_n_0
                         CARRY4 (Prop_carry4_DI[3]_CO[3])
                                                      0.396     8.626 r  stage[13].ci/y_scaled_b_r_reg[17]_i_1/CO[3]
                         net (fo=1, unplaced)         0.000     8.626    stage[13].ci/y_scaled_b_r_reg[17]_i_1_n_0
                         CARRY4 (Prop_carry4_CI_O[0])
                                                      0.232     8.858 r  stage[13].ci/y_scaled_b_r_reg[21]_i_1/O[0]
                         net (fo=1, unplaced)         0.000     8.858    y_scaled_b[18]
                         FDRE                                         r  y_scaled_b_r_reg[18]/D
  -------------------------------------------------------------------    -------------------

                         (clock clk rise edge)       10.000    10.000 r  
                                                      0.000    10.000 r  clk (IN)
                         net (fo=0)                   0.000    10.000    clk
                         IBUF (Prop_ibuf_I_O)         0.789    10.789 r  clk_IBUF_inst/O
                         net (fo=1, unplaced)         0.760    11.549    clk_IBUF
                         BUFG (Prop_bufg_I_O)         0.091    11.640 r  clk_IBUF_BUFG_inst/O
                         net (fo=876, unplaced)       0.439    12.079    clk_IBUF_BUFG
                         FDRE                                         r  y_scaled_b_r_reg[18]/C
                         clock pessimism              0.178    12.257    
                         clock uncertainty           -0.035    12.222    
                         FDRE (Setup_fdre_C_D)        0.076    12.298    y_scaled_b_r_reg[18]
  -------------------------------------------------------------------
                         required time                         12.298    
                         arrival time                          -8.858    
  -------------------------------------------------------------------
                         slack                                  3.440    





Min Delay Paths
--------------------------------------------------------------------------------------
Slack (MET) :             0.158ns  (arrival time - required time)
  Source:                 xin_r_reg[0]/C
                            (rising edge-triggered cell FDRE clocked by clk  {rise@0.000ns fall@5.000ns period=10.000ns})
  Destination:            stage[0].ci/x_reg[0]/D
                            (rising edge-triggered cell FDRE clocked by clk  {rise@0.000ns fall@5.000ns period=10.000ns})
  Path Group:             clk
  Path Type:              Hold (Min at Fast Process Corner)
  Requirement:            0.000ns  (clk rise@0.000ns - clk rise@0.000ns)
  Data Path Delay:        0.286ns  (logic 0.141ns (49.228%)  route 0.145ns (50.772%))
  Logic Levels:           0  
  Clock Path Skew:        0.145ns (DCD - SCD - CPR)
    Destination Clock Delay (DCD):    0.983ns
    Source Clock Delay      (SCD):    0.629ns
    Clock Pessimism Removal (CPR):    0.209ns

    Location             Delay type                Incr(ns)  Path(ns)    Netlist Resource(s)
  -------------------------------------------------------------------    -------------------
                         (clock clk rise edge)        0.000     0.000 r  
                                                      0.000     0.000 r  clk (IN)
                         net (fo=0)                   0.000     0.000    clk
                         IBUF (Prop_ibuf_I_O)         0.152     0.152 r  clk_IBUF_inst/O
                         net (fo=1, unplaced)         0.337     0.489    clk_IBUF
                         BUFG (Prop_bufg_I_O)         0.026     0.515 r  clk_IBUF_BUFG_inst/O
                         net (fo=876, unplaced)       0.114     0.629    clk_IBUF_BUFG
                         FDRE                                         r  xin_r_reg[0]/C
  -------------------------------------------------------------------    -------------------
                         FDRE (Prop_fdre_C_Q)         0.141     0.770 r  xin_r_reg[0]/Q
                         net (fo=2, unplaced)         0.145     0.915    stage[0].ci/x_reg[14]_0[0]
                         FDRE                                         r  stage[0].ci/x_reg[0]/D
  -------------------------------------------------------------------    -------------------

                         (clock clk rise edge)        0.000     0.000 r  
                                                      0.000     0.000 r  clk (IN)
                         net (fo=0)                   0.000     0.000    clk
                         IBUF (Prop_ibuf_I_O)         0.340     0.340 r  clk_IBUF_inst/O
                         net (fo=1, unplaced)         0.355     0.695    clk_IBUF
                         BUFG (Prop_bufg_I_O)         0.029     0.724 r  clk_IBUF_BUFG_inst/O
                         net (fo=876, unplaced)       0.259     0.983    stage[0].ci/CLK
                         FDRE                                         r  stage[0].ci/x_reg[0]/C
                         clock pessimism             -0.209     0.774    
                         FDRE (Hold_fdre_C_D)        -0.017     0.757    stage[0].ci/x_reg[0]
  -------------------------------------------------------------------
                         required time                         -0.757    
                         arrival time                           0.915    
  -------------------------------------------------------------------
                         slack                                  0.158    

Slack (MET) :             0.158ns  (arrival time - required time)
  Source:                 yin_r_reg[0]/C
                            (rising edge-triggered cell FDRE clocked by clk  {rise@0.000ns fall@5.000ns period=10.000ns})
  Destination:            stage[0].ci/y_reg[0]/D
                            (rising edge-triggered cell FDRE clocked by clk  {rise@0.000ns fall@5.000ns period=10.000ns})
  Path Group:             clk
  Path Type:              Hold (Min at Fast Process Corner)
  Requirement:            0.000ns  (clk rise@0.000ns - clk rise@0.000ns)
  Data Path Delay:        0.286ns  (logic 0.141ns (49.228%)  route 0.145ns (50.772%))
  Logic Levels:           0  
  Clock Path Skew:        0.145ns (DCD - SCD - CPR)
    Destination Clock Delay (DCD):    0.983ns
    Source Clock Delay      (SCD):    0.629ns
    Clock Pessimism Removal (CPR):    0.209ns

    Location             Delay type                Incr(ns)  Path(ns)    Netlist Resource(s)
  -------------------------------------------------------------------    -------------------
                         (clock clk rise edge)        0.000     0.000 r  
                                                      0.000     0.000 r  clk (IN)
                         net (fo=0)                   0.000     0.000    clk
                         IBUF (Prop_ibuf_I_O)         0.152     0.152 r  clk_IBUF_inst/O
                         net (fo=1, unplaced)         0.337     0.489    clk_IBUF
                         BUFG (Prop_bufg_I_O)         0.026     0.515 r  clk_IBUF_BUFG_inst/O
                         net (fo=876, unplaced)       0.114     0.629    clk_IBUF_BUFG
                         FDRE                                         r  yin_r_reg[0]/C
  -------------------------------------------------------------------    -------------------
                         FDRE (Prop_fdre_C_Q)         0.141     0.770 r  yin_r_reg[0]/Q
                         net (fo=2, unplaced)         0.145     0.915    stage[0].ci/y_reg[15]_0[0]
                         FDRE                                         r  stage[0].ci/y_reg[0]/D
  -------------------------------------------------------------------    -------------------

                         (clock clk rise edge)        0.000     0.000 r  
                                                      0.000     0.000 r  clk (IN)
                         net (fo=0)                   0.000     0.000    clk
                         IBUF (Prop_ibuf_I_O)         0.340     0.340 r  clk_IBUF_inst/O
                         net (fo=1, unplaced)         0.355     0.695    clk_IBUF
                         BUFG (Prop_bufg_I_O)         0.029     0.724 r  clk_IBUF_BUFG_inst/O
                         net (fo=876, unplaced)       0.259     0.983    stage[0].ci/CLK
                         FDRE                                         r  stage[0].ci/y_reg[0]/C
                         clock pessimism             -0.209     0.774    
                         FDRE (Hold_fdre_C_D)        -0.017     0.757    stage[0].ci/y_reg[0]
  -------------------------------------------------------------------
                         required time                         -0.757    
                         arrival time                           0.915    
  -------------------------------------------------------------------
                         slack                                  0.158    

Slack (MET) :             0.160ns  (arrival time - required time)
  Source:                 z_n_r_reg[0]/C
                            (rising edge-triggered cell FDRE clocked by clk  {rise@0.000ns fall@5.000ns period=10.000ns})
  Destination:            z_reg[0]/D
                            (rising edge-triggered cell FDRE clocked by clk  {rise@0.000ns fall@5.000ns period=10.000ns})
  Path Group:             clk
  Path Type:              Hold (Min at Fast Process Corner)
  Requirement:            0.000ns  (clk rise@0.000ns - clk rise@0.000ns)
  Data Path Delay:        0.288ns  (logic 0.147ns (51.079%)  route 0.141ns (48.921%))
  Logic Levels:           0  
  Clock Path Skew:        0.145ns (DCD - SCD - CPR)
    Destination Clock Delay (DCD):    0.983ns
    Source Clock Delay      (SCD):    0.629ns
    Clock Pessimism Removal (CPR):    0.209ns

    Location             Delay type                Incr(ns)  Path(ns)    Netlist Resource(s)
  -------------------------------------------------------------------    -------------------
                         (clock clk rise edge)        0.000     0.000 r  
                                                      0.000     0.000 r  clk (IN)
                         net (fo=0)                   0.000     0.000    clk
                         IBUF (Prop_ibuf_I_O)         0.152     0.152 r  clk_IBUF_inst/O
                         net (fo=1, unplaced)         0.337     0.489    clk_IBUF
                         BUFG (Prop_bufg_I_O)         0.026     0.515 r  clk_IBUF_BUFG_inst/O
                         net (fo=876, unplaced)       0.114     0.629    clk_IBUF_BUFG
                         FDRE                                         r  z_n_r_reg[0]/C
  -------------------------------------------------------------------    -------------------
                         FDRE (Prop_fdre_C_Q)         0.147     0.776 r  z_n_r_reg[0]/Q
                         net (fo=1, unplaced)         0.141     0.917    z_n_r[0]
                         FDRE                                         r  z_reg[0]/D
  -------------------------------------------------------------------    -------------------

                         (clock clk rise edge)        0.000     0.000 r  
                                                      0.000     0.000 r  clk (IN)
                         net (fo=0)                   0.000     0.000    clk
                         IBUF (Prop_ibuf_I_O)         0.340     0.340 r  clk_IBUF_inst/O
                         net (fo=1, unplaced)         0.355     0.695    clk_IBUF
                         BUFG (Prop_bufg_I_O)         0.029     0.724 r  clk_IBUF_BUFG_inst/O
                         net (fo=876, unplaced)       0.259     0.983    clk_IBUF_BUFG
                         FDRE                                         r  z_reg[0]/C
                         clock pessimism             -0.209     0.774    
                         FDRE (Hold_fdre_C_D)        -0.017     0.757    z_reg[0]
  -------------------------------------------------------------------
                         required time                         -0.757    
                         arrival time                           0.917    
  -------------------------------------------------------------------
                         slack                                  0.160    

Slack (MET) :             0.160ns  (arrival time - required time)
  Source:                 z_n_r_reg[1]/C
                            (rising edge-triggered cell FDRE clocked by clk  {rise@0.000ns fall@5.000ns period=10.000ns})
  Destination:            z_reg[1]/D
                            (rising edge-triggered cell FDRE clocked by clk  {rise@0.000ns fall@5.000ns period=10.000ns})
  Path Group:             clk
  Path Type:              Hold (Min at Fast Process Corner)
  Requirement:            0.000ns  (clk rise@0.000ns - clk rise@0.000ns)
  Data Path Delay:        0.288ns  (logic 0.147ns (51.079%)  route 0.141ns (48.921%))
  Logic Levels:           0  
  Clock Path Skew:        0.145ns (DCD - SCD - CPR)
    Destination Clock Delay (DCD):    0.983ns
    Source Clock Delay      (SCD):    0.629ns
    Clock Pessimism Removal (CPR):    0.209ns

    Location             Delay type                Incr(ns)  Path(ns)    Netlist Resource(s)
  -------------------------------------------------------------------    -------------------
                         (clock clk rise edge)        0.000     0.000 r  
                                                      0.000     0.000 r  clk (IN)
                         net (fo=0)                   0.000     0.000    clk
                         IBUF (Prop_ibuf_I_O)         0.152     0.152 r  clk_IBUF_inst/O
                         net (fo=1, unplaced)         0.337     0.489    clk_IBUF
                         BUFG (Prop_bufg_I_O)         0.026     0.515 r  clk_IBUF_BUFG_inst/O
                         net (fo=876, unplaced)       0.114     0.629    clk_IBUF_BUFG
                         FDRE                                         r  z_n_r_reg[1]/C
  -------------------------------------------------------------------    -------------------
                         FDRE (Prop_fdre_C_Q)         0.147     0.776 r  z_n_r_reg[1]/Q
                         net (fo=1, unplaced)         0.141     0.917    z_n_r[1]
                         FDRE                                         r  z_reg[1]/D
  -------------------------------------------------------------------    -------------------

                         (clock clk rise edge)        0.000     0.000 r  
                                                      0.000     0.000 r  clk (IN)
                         net (fo=0)                   0.000     0.000    clk
                         IBUF (Prop_ibuf_I_O)         0.340     0.340 r  clk_IBUF_inst/O
                         net (fo=1, unplaced)         0.355     0.695    clk_IBUF
                         BUFG (Prop_bufg_I_O)         0.029     0.724 r  clk_IBUF_BUFG_inst/O
                         net (fo=876, unplaced)       0.259     0.983    clk_IBUF_BUFG
                         FDRE                                         r  z_reg[1]/C
                         clock pessimism             -0.209     0.774    
                         FDRE (Hold_fdre_C_D)        -0.017     0.757    z_reg[1]
  -------------------------------------------------------------------
                         required time                         -0.757    
                         arrival time                           0.917    
  -------------------------------------------------------------------
                         slack                                  0.160    

Slack (MET) :             0.161ns  (arrival time - required time)
  Source:                 zin_r_reg[0]/C
                            (rising edge-triggered cell FDRE clocked by clk  {rise@0.000ns fall@5.000ns period=10.000ns})
  Destination:            stage[0].ci/z_reg[0]/D
                            (rising edge-triggered cell FDRE clocked by clk  {rise@0.000ns fall@5.000ns period=10.000ns})
  Path Group:             clk
  Path Type:              Hold (Min at Fast Process Corner)
  Requirement:            0.000ns  (clk rise@0.000ns - clk rise@0.000ns)
  Data Path Delay:        0.289ns  (logic 0.141ns (48.726%)  route 0.148ns (51.274%))
  Logic Levels:           0  
  Clock Path Skew:        0.145ns (DCD - SCD - CPR)
    Destination Clock Delay (DCD):    0.983ns
    Source Clock Delay      (SCD):    0.629ns
    Clock Pessimism Removal (CPR):    0.209ns

    Location             Delay type                Incr(ns)  Path(ns)    Netlist Resource(s)
  -------------------------------------------------------------------    -------------------
                         (clock clk rise edge)        0.000     0.000 r  
                                                      0.000     0.000 r  clk (IN)
                         net (fo=0)                   0.000     0.000    clk
                         IBUF (Prop_ibuf_I_O)         0.152     0.152 r  clk_IBUF_inst/O
                         net (fo=1, unplaced)         0.337     0.489    clk_IBUF
                         BUFG (Prop_bufg_I_O)         0.026     0.515 r  clk_IBUF_BUFG_inst/O
                         net (fo=876, unplaced)       0.114     0.629    clk_IBUF_BUFG
                         FDRE                                         r  zin_r_reg[0]/C
  -------------------------------------------------------------------    -------------------
                         FDRE (Prop_fdre_C_Q)         0.141     0.770 r  zin_r_reg[0]/Q
                         net (fo=3, unplaced)         0.148     0.918    stage[0].ci/zout0__0_carry__2_i_2[0]
                         FDRE                                         r  stage[0].ci/z_reg[0]/D
  -------------------------------------------------------------------    -------------------

                         (clock clk rise edge)        0.000     0.000 r  
                                                      0.000     0.000 r  clk (IN)
                         net (fo=0)                   0.000     0.000    clk
                         IBUF (Prop_ibuf_I_O)         0.340     0.340 r  clk_IBUF_inst/O
                         net (fo=1, unplaced)         0.355     0.695    clk_IBUF
                         BUFG (Prop_bufg_I_O)         0.029     0.724 r  clk_IBUF_BUFG_inst/O
                         net (fo=876, unplaced)       0.259     0.983    stage[0].ci/CLK
                         FDRE                                         r  stage[0].ci/z_reg[0]/C
                         clock pessimism             -0.209     0.774    
                         FDRE (Hold_fdre_C_D)        -0.017     0.757    stage[0].ci/z_reg[0]
  -------------------------------------------------------------------
                         required time                         -0.757    
                         arrival time                           0.918    
  -------------------------------------------------------------------
                         slack                                  0.161    

Slack (MET) :             0.161ns  (arrival time - required time)
  Source:                 zin_r_reg[1]/C
                            (rising edge-triggered cell FDRE clocked by clk  {rise@0.000ns fall@5.000ns period=10.000ns})
  Destination:            stage[0].ci/z_reg[1]/D
                            (rising edge-triggered cell FDRE clocked by clk  {rise@0.000ns fall@5.000ns period=10.000ns})
  Path Group:             clk
  Path Type:              Hold (Min at Fast Process Corner)
  Requirement:            0.000ns  (clk rise@0.000ns - clk rise@0.000ns)
  Data Path Delay:        0.289ns  (logic 0.141ns (48.726%)  route 0.148ns (51.274%))
  Logic Levels:           0  
  Clock Path Skew:        0.145ns (DCD - SCD - CPR)
    Destination Clock Delay (DCD):    0.983ns
    Source Clock Delay      (SCD):    0.629ns
    Clock Pessimism Removal (CPR):    0.209ns

    Location             Delay type                Incr(ns)  Path(ns)    Netlist Resource(s)
  -------------------------------------------------------------------    -------------------
                         (clock clk rise edge)        0.000     0.000 r  
                                                      0.000     0.000 r  clk (IN)
                         net (fo=0)                   0.000     0.000    clk
                         IBUF (Prop_ibuf_I_O)         0.152     0.152 r  clk_IBUF_inst/O
                         net (fo=1, unplaced)         0.337     0.489    clk_IBUF
                         BUFG (Prop_bufg_I_O)         0.026     0.515 r  clk_IBUF_BUFG_inst/O
                         net (fo=876, unplaced)       0.114     0.629    clk_IBUF_BUFG
                         FDRE                                         r  zin_r_reg[1]/C
  -------------------------------------------------------------------    -------------------
                         FDRE (Prop_fdre_C_Q)         0.141     0.770 r  zin_r_reg[1]/Q
                         net (fo=3, unplaced)         0.148     0.918    stage[0].ci/zout0__0_carry__2_i_2[1]
                         FDRE                                         r  stage[0].ci/z_reg[1]/D
  -------------------------------------------------------------------    -------------------

                         (clock clk rise edge)        0.000     0.000 r  
                                                      0.000     0.000 r  clk (IN)
                         net (fo=0)                   0.000     0.000    clk
                         IBUF (Prop_ibuf_I_O)         0.340     0.340 r  clk_IBUF_inst/O
                         net (fo=1, unplaced)         0.355     0.695    clk_IBUF
                         BUFG (Prop_bufg_I_O)         0.029     0.724 r  clk_IBUF_BUFG_inst/O
                         net (fo=876, unplaced)       0.259     0.983    stage[0].ci/CLK
                         FDRE                                         r  stage[0].ci/z_reg[1]/C
                         clock pessimism             -0.209     0.774    
                         FDRE (Hold_fdre_C_D)        -0.017     0.757    stage[0].ci/z_reg[1]
  -------------------------------------------------------------------
                         required time                         -0.757    
                         arrival time                           0.918    
  -------------------------------------------------------------------
                         slack                                  0.161    

Slack (MET) :             0.173ns  (arrival time - required time)
  Source:                 stage[0].ci/z_reg[0]/C
                            (rising edge-triggered cell FDRE clocked by clk  {rise@0.000ns fall@5.000ns period=10.000ns})
  Destination:            stage[1].ci/z_reg[1]/D
                            (rising edge-triggered cell FDRE clocked by clk  {rise@0.000ns fall@5.000ns period=10.000ns})
  Path Group:             clk
  Path Type:              Hold (Min at Fast Process Corner)
  Requirement:            0.000ns  (clk rise@0.000ns - clk rise@0.000ns)
  Data Path Delay:        0.431ns  (logic 0.286ns (66.292%)  route 0.145ns (33.708%))
  Logic Levels:           1  (CARRY4=1)
  Clock Path Skew:        0.145ns (DCD - SCD - CPR)
    Destination Clock Delay (DCD):    0.983ns
    Source Clock Delay      (SCD):    0.629ns
    Clock Pessimism Removal (CPR):    0.209ns

    Location             Delay type                Incr(ns)  Path(ns)    Netlist Resource(s)
  -------------------------------------------------------------------    -------------------
                         (clock clk rise edge)        0.000     0.000 r  
                                                      0.000     0.000 r  clk (IN)
                         net (fo=0)                   0.000     0.000    clk
                         IBUF (Prop_ibuf_I_O)         0.152     0.152 r  clk_IBUF_inst/O
                         net (fo=1, unplaced)         0.337     0.489    clk_IBUF
                         BUFG (Prop_bufg_I_O)         0.026     0.515 r  clk_IBUF_BUFG_inst/O
                         net (fo=876, unplaced)       0.114     0.629    stage[0].ci/CLK
                         FDRE                                         r  stage[0].ci/z_reg[0]/C
  -------------------------------------------------------------------    -------------------
                         FDRE (Prop_fdre_C_Q)         0.141     0.770 r  stage[0].ci/z_reg[0]/Q
                         net (fo=2, unplaced)         0.145     0.915    z_2[0]
                         CARRY4 (Prop_carry4_DI[0]_O[1])
                                                      0.145     1.060 r  cs/z_next0_carry/O[1]
                         net (fo=1, unplaced)         0.000     1.060    stage[1].ci/D[1]
                         FDRE                                         r  stage[1].ci/z_reg[1]/D
  -------------------------------------------------------------------    -------------------

                         (clock clk rise edge)        0.000     0.000 r  
                                                      0.000     0.000 r  clk (IN)
                         net (fo=0)                   0.000     0.000    clk
                         IBUF (Prop_ibuf_I_O)         0.340     0.340 r  clk_IBUF_inst/O
                         net (fo=1, unplaced)         0.355     0.695    clk_IBUF
                         BUFG (Prop_bufg_I_O)         0.029     0.724 r  clk_IBUF_BUFG_inst/O
                         net (fo=876, unplaced)       0.259     0.983    stage[1].ci/CLK
                         FDRE                                         r  stage[1].ci/z_reg[1]/C
                         clock pessimism             -0.209     0.774    
                         FDRE (Hold_fdre_C_D)         0.113     0.887    stage[1].ci/z_reg[1]
  -------------------------------------------------------------------
                         required time                         -0.887    
                         arrival time                           1.060    
  -------------------------------------------------------------------
                         slack                                  0.173    

Slack (MET) :             0.176ns  (arrival time - required time)
  Source:                 stage[0].ci/x_reg[12]/C
                            (rising edge-triggered cell FDRE clocked by clk  {rise@0.000ns fall@5.000ns period=10.000ns})
  Destination:            stage[1].ci/x_reg[13]/D
                            (rising edge-triggered cell FDRE clocked by clk  {rise@0.000ns fall@5.000ns period=10.000ns})
  Path Group:             clk
  Path Type:              Hold (Min at Fast Process Corner)
  Requirement:            0.000ns  (clk rise@0.000ns - clk rise@0.000ns)
  Data Path Delay:        0.434ns  (logic 0.286ns (65.842%)  route 0.148ns (34.158%))
  Logic Levels:           1  (CARRY4=1)
  Clock Path Skew:        0.145ns (DCD - SCD - CPR)
    Destination Clock Delay (DCD):    0.983ns
    Source Clock Delay      (SCD):    0.629ns
    Clock Pessimism Removal (CPR):    0.209ns

    Location             Delay type                Incr(ns)  Path(ns)    Netlist Resource(s)
  -------------------------------------------------------------------    -------------------
                         (clock clk rise edge)        0.000     0.000 r  
                                                      0.000     0.000 r  clk (IN)
                         net (fo=0)                   0.000     0.000    clk
                         IBUF (Prop_ibuf_I_O)         0.152     0.152 r  clk_IBUF_inst/O
                         net (fo=1, unplaced)         0.337     0.489    clk_IBUF
                         BUFG (Prop_bufg_I_O)         0.026     0.515 r  clk_IBUF_BUFG_inst/O
                         net (fo=876, unplaced)       0.114     0.629    stage[0].ci/CLK
                         FDRE                                         r  stage[0].ci/x_reg[12]/C
  -------------------------------------------------------------------    -------------------
                         FDRE (Prop_fdre_C_Q)         0.141     0.770 r  stage[0].ci/x_reg[12]/Q
                         net (fo=3, unplaced)         0.148     0.918    stage[0].ci/cs/x_reg[15][12]
                         CARRY4 (Prop_carry4_DI[0]_O[1])
                                                      0.145     1.063 r  stage[0].ci/cs/x_next0_carry__2/O[1]
                         net (fo=1, unplaced)         0.000     1.063    stage[1].ci/x_reg[15]_0[13]
                         FDRE                                         r  stage[1].ci/x_reg[13]/D
  -------------------------------------------------------------------    -------------------

                         (clock clk rise edge)        0.000     0.000 r  
                                                      0.000     0.000 r  clk (IN)
                         net (fo=0)                   0.000     0.000    clk
                         IBUF (Prop_ibuf_I_O)         0.340     0.340 r  clk_IBUF_inst/O
                         net (fo=1, unplaced)         0.355     0.695    clk_IBUF
                         BUFG (Prop_bufg_I_O)         0.029     0.724 r  clk_IBUF_BUFG_inst/O
                         net (fo=876, unplaced)       0.259     0.983    stage[1].ci/CLK
                         FDRE                                         r  stage[1].ci/x_reg[13]/C
                         clock pessimism             -0.209     0.774    
                         FDRE (Hold_fdre_C_D)         0.113     0.887    stage[1].ci/x_reg[13]
  -------------------------------------------------------------------
                         required time                         -0.887    
                         arrival time                           1.063    
  -------------------------------------------------------------------
                         slack                                  0.176    

Slack (MET) :             0.176ns  (arrival time - required time)
  Source:                 stage[0].ci/x_reg[0]/C
                            (rising edge-triggered cell FDRE clocked by clk  {rise@0.000ns fall@5.000ns period=10.000ns})
  Destination:            stage[1].ci/x_reg[1]/D
                            (rising edge-triggered cell FDRE clocked by clk  {rise@0.000ns fall@5.000ns period=10.000ns})
  Path Group:             clk
  Path Type:              Hold (Min at Fast Process Corner)
  Requirement:            0.000ns  (clk rise@0.000ns - clk rise@0.000ns)
  Data Path Delay:        0.434ns  (logic 0.286ns (65.842%)  route 0.148ns (34.158%))
  Logic Levels:           1  (CARRY4=1)
  Clock Path Skew:        0.145ns (DCD - SCD - CPR)
    Destination Clock Delay (DCD):    0.983ns
    Source Clock Delay      (SCD):    0.629ns
    Clock Pessimism Removal (CPR):    0.209ns

    Location             Delay type                Incr(ns)  Path(ns)    Netlist Resource(s)
  -------------------------------------------------------------------    -------------------
                         (clock clk rise edge)        0.000     0.000 r  
                                                      0.000     0.000 r  clk (IN)
                         net (fo=0)                   0.000     0.000    clk
                         IBUF (Prop_ibuf_I_O)         0.152     0.152 r  clk_IBUF_inst/O
                         net (fo=1, unplaced)         0.337     0.489    clk_IBUF
                         BUFG (Prop_bufg_I_O)         0.026     0.515 r  clk_IBUF_BUFG_inst/O
                         net (fo=876, unplaced)       0.114     0.629    stage[0].ci/CLK
                         FDRE                                         r  stage[0].ci/x_reg[0]/C
  -------------------------------------------------------------------    -------------------
                         FDRE (Prop_fdre_C_Q)         0.141     0.770 r  stage[0].ci/x_reg[0]/Q
                         net (fo=3, unplaced)         0.148     0.918    x_0[0]
                         CARRY4 (Prop_carry4_DI[0]_O[1])
                                                      0.145     1.063 r  cs/x_next0_carry/O[1]
                         net (fo=1, unplaced)         0.000     1.063    stage[1].ci/x_reg[15]_0[1]
                         FDRE                                         r  stage[1].ci/x_reg[1]/D
  -------------------------------------------------------------------    -------------------

                         (clock clk rise edge)        0.000     0.000 r  
                                                      0.000     0.000 r  clk (IN)
                         net (fo=0)                   0.000     0.000    clk
                         IBUF (Prop_ibuf_I_O)         0.340     0.340 r  clk_IBUF_inst/O
                         net (fo=1, unplaced)         0.355     0.695    clk_IBUF
                         BUFG (Prop_bufg_I_O)         0.029     0.724 r  clk_IBUF_BUFG_inst/O
                         net (fo=876, unplaced)       0.259     0.983    stage[1].ci/CLK
                         FDRE                                         r  stage[1].ci/x_reg[1]/C
                         clock pessimism             -0.209     0.774    
                         FDRE (Hold_fdre_C_D)         0.113     0.887    stage[1].ci/x_reg[1]
  -------------------------------------------------------------------
                         required time                         -0.887    
                         arrival time                           1.063    
  -------------------------------------------------------------------
                         slack                                  0.176    

Slack (MET) :             0.176ns  (arrival time - required time)
  Source:                 stage[0].ci/x_reg[4]/C
                            (rising edge-triggered cell FDRE clocked by clk  {rise@0.000ns fall@5.000ns period=10.000ns})
  Destination:            stage[1].ci/x_reg[5]/D
                            (rising edge-triggered cell FDRE clocked by clk  {rise@0.000ns fall@5.000ns period=10.000ns})
  Path Group:             clk
  Path Type:              Hold (Min at Fast Process Corner)
  Requirement:            0.000ns  (clk rise@0.000ns - clk rise@0.000ns)
  Data Path Delay:        0.434ns  (logic 0.286ns (65.842%)  route 0.148ns (34.158%))
  Logic Levels:           1  (CARRY4=1)
  Clock Path Skew:        0.145ns (DCD - SCD - CPR)
    Destination Clock Delay (DCD):    0.983ns
    Source Clock Delay      (SCD):    0.629ns
    Clock Pessimism Removal (CPR):    0.209ns

    Location             Delay type                Incr(ns)  Path(ns)    Netlist Resource(s)
  -------------------------------------------------------------------    -------------------
                         (clock clk rise edge)        0.000     0.000 r  
                                                      0.000     0.000 r  clk (IN)
                         net (fo=0)                   0.000     0.000    clk
                         IBUF (Prop_ibuf_I_O)         0.152     0.152 r  clk_IBUF_inst/O
                         net (fo=1, unplaced)         0.337     0.489    clk_IBUF
                         BUFG (Prop_bufg_I_O)         0.026     0.515 r  clk_IBUF_BUFG_inst/O
                         net (fo=876, unplaced)       0.114     0.629    stage[0].ci/CLK
                         FDRE                                         r  stage[0].ci/x_reg[4]/C
  -------------------------------------------------------------------    -------------------
                         FDRE (Prop_fdre_C_Q)         0.141     0.770 r  stage[0].ci/x_reg[4]/Q
                         net (fo=3, unplaced)         0.148     0.918    x_0[4]
                         CARRY4 (Prop_carry4_DI[0]_O[1])
                                                      0.145     1.063 r  cs/x_next0_carry__0/O[1]
                         net (fo=1, unplaced)         0.000     1.063    stage[1].ci/x_reg[15]_0[5]
                         FDRE                                         r  stage[1].ci/x_reg[5]/D
  -------------------------------------------------------------------    -------------------

                         (clock clk rise edge)        0.000     0.000 r  
                                                      0.000     0.000 r  clk (IN)
                         net (fo=0)                   0.000     0.000    clk
                         IBUF (Prop_ibuf_I_O)         0.340     0.340 r  clk_IBUF_inst/O
                         net (fo=1, unplaced)         0.355     0.695    clk_IBUF
                         BUFG (Prop_bufg_I_O)         0.029     0.724 r  clk_IBUF_BUFG_inst/O
                         net (fo=876, unplaced)       0.259     0.983    stage[1].ci/CLK
                         FDRE                                         r  stage[1].ci/x_reg[5]/C
                         clock pessimism             -0.209     0.774    
                         FDRE (Hold_fdre_C_D)         0.113     0.887    stage[1].ci/x_reg[5]
  -------------------------------------------------------------------
                         required time                         -0.887    
                         arrival time                           1.063    
  -------------------------------------------------------------------
                         slack                                  0.176    





Pulse Width Checks
--------------------------------------------------------------------------------------
Clock Name:         clk
Waveform(ns):       { 0.000 5.000 }
Period(ns):         10.000
Sources:            { clk }

Check Type        Corner  Lib Pin     Reference Pin  Required(ns)  Actual(ns)  Slack(ns)  Location  Pin
Min Period        n/a     BUFG/I      n/a            2.155         10.000      7.845                clk_IBUF_BUFG_inst/I
Min Period        n/a     FDRE/C      n/a            1.000         10.000      9.000                flip_stageN_reg/C
Min Period        n/a     FDRE/C      n/a            1.000         10.000      9.000                mode_stageN_reg/C
Min Period        n/a     FDRE/C      n/a            1.000         10.000      9.000                modein_r_reg/C
Min Period        n/a     FDRE/C      n/a            1.000         10.000      9.000                x_reg[0]/C
Min Period        n/a     FDRE/C      n/a            1.000         10.000      9.000                x_reg[10]/C
Min Period        n/a     FDRE/C      n/a            1.000         10.000      9.000                x_reg[11]/C
Min Period        n/a     FDRE/C      n/a            1.000         10.000      9.000                x_reg[12]/C
Min Period        n/a     FDRE/C      n/a            1.000         10.000      9.000                x_reg[13]/C
Min Period        n/a     FDRE/C      n/a            1.000         10.000      9.000                x_reg[14]/C
Low Pulse Width   Slow    SRL16E/CLK  n/a            0.980         5.000       4.020                flip_pipe_reg[13]_srl14/CLK
Low Pulse Width   Fast    SRL16E/CLK  n/a            0.980         5.000       4.020                flip_pipe_reg[13]_srl14/CLK
Low Pulse Width   Slow    FDRE/C      n/a            0.500         5.000       4.500                flip_stageN_reg/C
Low Pulse Width   Fast    FDRE/C      n/a            0.500         5.000       4.500                flip_stageN_reg/C
Low Pulse Width   Slow    FDRE/C      n/a            0.500         5.000       4.500                mode_stageN_reg/C
Low Pulse Width   Fast    FDRE/C      n/a            0.500         5.000       4.500                mode_stageN_reg/C
Low Pulse Width   Slow    FDRE/C      n/a            0.500         5.000       4.500                modein_r_reg/C
Low Pulse Width   Fast    FDRE/C      n/a            0.500         5.000       4.500                modein_r_reg/C
Low Pulse Width   Slow    FDRE/C      n/a            0.500         5.000       4.500                x_reg[0]/C
Low Pulse Width   Fast    FDRE/C      n/a            0.500         5.000       4.500                x_reg[0]/C
High Pulse Width  Slow    SRL16E/CLK  n/a            0.980         5.000       4.020                flip_pipe_reg[13]_srl14/CLK
High Pulse Width  Fast    SRL16E/CLK  n/a            0.980         5.000       4.020                flip_pipe_reg[13]_srl14/CLK
High Pulse Width  Slow    FDRE/C      n/a            0.500         5.000       4.500                flip_stageN_reg/C
High Pulse Width  Fast    FDRE/C      n/a            0.500         5.000       4.500                flip_stageN_reg/C
High Pulse Width  Slow    FDRE/C      n/a            0.500         5.000       4.500                mode_stageN_reg/C
High Pulse Width  Fast    FDRE/C      n/a            0.500         5.000       4.500                mode_stageN_reg/C
High Pulse Width  Slow    FDRE/C      n/a            0.500         5.000       4.500                modein_r_reg/C
High Pulse Width  Fast    FDRE/C      n/a            0.500         5.000       4.500                modein_r_reg/C
High Pulse Width  Slow    FDRE/C      n/a            0.500         5.000       4.500                x_reg[0]/C
High Pulse Width  Fast    FDRE/C      n/a            0.500         5.000       4.500                x_reg[0]/C



