Copyright 1986-2022 Xilinx, Inc. All Rights Reserved. Copyright 2022-2024 Advanced Micro Devices, Inc. All Rights Reserved.
---------------------------------------------------------------------------------------------------------------------------------------------
| Tool Version : Vivado v.2024.2 (win64) Build 5239630 Fri Nov 08 22:35:27 MST 2024
| Date         : Fri Aug 14 12:47:51 2026
| Host         : lohithprapoorna running 64-bit major release  (build 9200)
| Command      : report_timing_summary -file synth/reports/pipelined_impl_timing_summary.rpt -max_paths 10
| Design       : cordic_top
| Device       : 7a35t-cpg236
| Speed File   : -1  PRODUCTION 1.23 2018-06-13
| Design State : Routed
---------------------------------------------------------------------------------------------------------------------------------------------

Timing Summary Report

------------------------------------------------------------------------------------------------
| Timer Settings
| --------------
------------------------------------------------------------------------------------------------

  Enable Multi Corner Analysis               :  Yes
  Enable Pessimism Removal                   :  Yes
  Pessimism Removal Resolution               :  Nearest Common Node
  Enable Input Delay Default Clock           :  No
  Enable Preset / Clear Arcs                 :  No
  Disable Flight Delays                      :  No
  Ignore I/O Paths                           :  No
  Timing Early Launch at Borrowing Latches   :  No
  Borrow Time for Max Delay Exceptions       :  Yes
  Merge Timing Exceptions                    :  Yes
  Inter-SLR Compensation                     :  Conservative

  Corner  Analyze    Analyze    
  Name    Max Paths  Min Paths  
  ------  ---------  ---------  
  Slow    Yes        Yes        
  Fast    Yes        Yes        


------------------------------------------------------------------------------------------------
| Report Methodology
| ------------------
------------------------------------------------------------------------------------------------

Rule       Severity  Description                    Violations  
---------  --------  -----------------------------  ----------  
TIMING-18  Warning   Missing input or output delay  98          

Note: This report is based on the most recent report_methodology run and may not be up-to-date. Run report_methodology on the current design for the latest report.



check_timing report

Table of Contents
-----------------
1. checking no_clock (0)
2. checking constant_clock (0)
3. checking pulse_width_clock (0)
4. checking unconstrained_internal_endpoints (0)
5. checking no_input_delay (50)
6. checking no_output_delay (48)
7. checking multiple_clock (0)
8. checking generated_clocks (0)
9. checking loops (0)
10. checking partial_input_delay (0)
11. checking partial_output_delay (0)
12. checking latch_loops (0)

1. checking no_clock (0)
------------------------
 There are 0 register/latch pins with no clock.


2. checking constant_clock (0)
------------------------------
 There are 0 register/latch pins with constant_clock.


3. checking pulse_width_clock (0)
---------------------------------
 There are 0 register/latch pins which need pulse_width check


4. checking unconstrained_internal_endpoints (0)
------------------------------------------------
 There are 0 pins that are not constrained for maximum delay.

 There are 0 pins that are not constrained for maximum delay due to constant clock.


5. checking no_input_delay (50)
-------------------------------
 There are 50 input ports with no input delay specified. (HIGH)

 There are 0 input ports with no input delay but user has a false path constraint.


6. checking no_output_delay (48)
--------------------------------
 There are 48 ports with no output delay specified. (HIGH)

 There are 0 ports with no output delay but user has a false path constraint

 There are 0 ports with no output delay but with a timing clock defined on it or propagating through it


7. checking multiple_clock (0)
------------------------------
 There are 0 register/latch pins with multiple clocks.


8. checking generated_clocks (0)
--------------------------------
 There are 0 generated clocks that are not connected to a clock source.


9. checking loops (0)
---------------------
 There are 0 combinational loops in the design.


10. checking partial_input_delay (0)
------------------------------------
 There are 0 input ports with partial input delay specified.


11. checking partial_output_delay (0)
-------------------------------------
 There are 0 ports with partial output delay specified.


12. checking latch_loops (0)
----------------------------
 There are 0 combinational latch loops in the design through latch input



------------------------------------------------------------------------------------------------
| Design Timing Summary
| ---------------------
------------------------------------------------------------------------------------------------

    WNS(ns)      TNS(ns)  TNS Failing Endpoints  TNS Total Endpoints      WHS(ns)      THS(ns)  THS Failing Endpoints  THS Total Endpoints     WPWS(ns)     TPWS(ns)  TPWS Failing Endpoints  TPWS Total Endpoints  
    -------      -------  ---------------------  -------------------      -------      -------  ---------------------  -------------------     --------     --------  ----------------------  --------------------  
      2.757        0.000                      0                  827        0.180        0.000                      0                  827        4.020        0.000                       0                   877  


All user specified timing constraints are met.


------------------------------------------------------------------------------------------------
| Clock Summary
| -------------
------------------------------------------------------------------------------------------------

Clock  Waveform(ns)       Period(ns)      Frequency(MHz)
-----  ------------       ----------      --------------
clk    {0.000 5.000}      10.000          100.000         


------------------------------------------------------------------------------------------------
| Intra Clock Table
| -----------------
------------------------------------------------------------------------------------------------

Clock             WNS(ns)      TNS(ns)  TNS Failing Endpoints  TNS Total Endpoints      WHS(ns)      THS(ns)  THS Failing Endpoints  THS Total Endpoints     WPWS(ns)     TPWS(ns)  TPWS Failing Endpoints  TPWS Total Endpoints  
-----             -------      -------  ---------------------  -------------------      -------      -------  ---------------------  -------------------     --------     --------  ----------------------  --------------------  
clk                 2.757        0.000                      0                  827        0.180        0.000                      0                  827        4.020        0.000                       0                   877  


------------------------------------------------------------------------------------------------
| Inter Clock Table
| -----------------
------------------------------------------------------------------------------------------------

From Clock    To Clock          WNS(ns)      TNS(ns)  TNS Failing Endpoints  TNS Total Endpoints      WHS(ns)      THS(ns)  THS Failing Endpoints  THS Total Endpoints  
----------    --------          -------      -------  ---------------------  -------------------      -------      -------  ---------------------  -------------------  


------------------------------------------------------------------------------------------------
| Other Path Groups Table
| -----------------------
------------------------------------------------------------------------------------------------

Path Group    From Clock    To Clock          WNS(ns)      TNS(ns)  TNS Failing Endpoints  TNS Total Endpoints      WHS(ns)      THS(ns)  THS Failing Endpoints  THS Total Endpoints  
----------    ----------    --------          -------      -------  ---------------------  -------------------      -------      -------  ---------------------  -------------------  


------------------------------------------------------------------------------------------------
| Timing Details
| --------------
------------------------------------------------------------------------------------------------


---------------------------------------------------------------------------------------------------
From Clock:  clk
  To Clock:  clk

Setup :            0  Failing Endpoints,  Worst Slack        2.757ns,  Total Violation        0.000ns
Hold  :            0  Failing Endpoints,  Worst Slack        0.180ns,  Total Violation        0.000ns
PW    :            0  Failing Endpoints,  Worst Slack        4.020ns,  Total Violation        0.000ns
---------------------------------------------------------------------------------------------------


Max Delay Paths
--------------------------------------------------------------------------------------
Slack (MET) :             2.757ns  (required time - arrival time)
  Source:                 stage[13].ci/y_reg[15]/C
                            (rising edge-triggered cell FDRE clocked by clk  {rise@0.000ns fall@5.000ns period=10.000ns})
  Destination:            y_scaled_b_r_reg[22]/D
                            (rising edge-triggered cell FDRE clocked by clk  {rise@0.000ns fall@5.000ns period=10.000ns})
  Path Group:             clk
  Path Type:              Setup (Max at Slow Process Corner)
  Requirement:            10.000ns  (clk rise@10.000ns - clk rise@0.000ns)
  Data Path Delay:        7.286ns  (logic 3.382ns (46.415%)  route 3.904ns (53.585%))
  Logic Levels:           8  (CARRY4=5 LUT5=2 LUT6=1)
  Clock Path Skew:        -0.030ns (DCD - SCD + CPR)
    Destination Clock Delay (DCD):    4.254ns = ( 14.254 - 10.000 ) 
    Source Clock Delay      (SCD):    4.607ns
    Clock Pessimism Removal (CPR):    0.323ns
  Clock Uncertainty:      0.035ns  ((TSJ^2 + TIJ^2)^1/2 + DJ) / 2 + PE
    Total System Jitter     (TSJ):    0.071ns
    Total Input Jitter      (TIJ):    0.000ns
    Discrete Jitter          (DJ):    0.000ns
    Phase Error              (PE):    0.000ns

    Location             Delay type                Incr(ns)  Path(ns)    Netlist Resource(s)
  -------------------------------------------------------------------    -------------------
                         (clock clk rise edge)        0.000     0.000 r  
    U4                                                0.000     0.000 r  clk (IN)
                         net (fo=0)                   0.000     0.000    clk
    U4                   IBUF (Prop_ibuf_I_O)         0.929     0.929 r  clk_IBUF_inst/O
                         net (fo=1, routed)           1.967     2.896    clk_IBUF
    BUFGCTRL_X0Y0        BUFG (Prop_bufg_I_O)         0.096     2.992 r  clk_IBUF_BUFG_inst/O
                         net (fo=876, routed)         1.615     4.607    stage[13].ci/CLK
    SLICE_X5Y24          FDRE                                         r  stage[13].ci/y_reg[15]/C
  -------------------------------------------------------------------    -------------------
    SLICE_X5Y24          FDRE (Prop_fdre_C_Q)         0.456     5.063 r  stage[13].ci/y_reg[15]/Q
                         net (fo=50, routed)          0.971     6.034    stage[13].ci/cs/z_n_r_reg[15][15]
    SLICE_X2Y21          LUT5 (Prop_lut5_I2_O)        0.150     6.184 r  stage[13].ci/cs/y_next0_carry__15_i_5/O
                         net (fo=1, routed)           0.570     6.754    stage[13].ci_n_112
    SLICE_X4Y21          CARRY4 (Prop_carry4_S[0]_CO[3])
                                                      0.880     7.634 r  cs/y_next0_carry__15/CO[3]
                         net (fo=1, routed)           0.000     7.634    cs/y_next0_carry__15_n_0
    SLICE_X4Y22          CARRY4 (Prop_carry4_CI_CO[3])
                                                      0.114     7.748 r  cs/y_next0_carry__0__12/CO[3]
                         net (fo=1, routed)           0.000     7.748    cs/y_next0_carry__0__12_n_0
    SLICE_X4Y23          CARRY4 (Prop_carry4_CI_O[1])
                                                      0.334     8.082 r  cs/y_next0_carry__1__12/O[1]
                         net (fo=27, routed)          1.204     9.286    stage[13].ci/y_scaled_b_r_reg[17][0]
    SLICE_X6Y29          LUT6 (Prop_lut6_I2_O)        0.303     9.589 r  stage[13].ci/y_scaled_b_r[21]_i_9/O
                         net (fo=3, routed)           0.682    10.272    stage[13].ci/y_scaled_b_r[21]_i_9_n_0
    SLICE_X6Y29          LUT5 (Prop_lut5_I4_O)        0.152    10.424 r  stage[13].ci/y_scaled_b_r[21]_i_4/O
                         net (fo=1, routed)           0.477    10.901    stage[13].ci/y_scaled_b_r[21]_i_4_n_0
    SLICE_X6Y27          CARRY4 (Prop_carry4_DI[0]_CO[3])
                                                      0.774    11.675 r  stage[13].ci/y_scaled_b_r_reg[21]_i_1/CO[3]
                         net (fo=1, routed)           0.000    11.675    stage[13].ci/y_scaled_b_r_reg[21]_i_1_n_0
    SLICE_X6Y28          CARRY4 (Prop_carry4_CI_O[0])
                                                      0.219    11.894 r  stage[13].ci/y_scaled_b_r_reg[22]_i_1/O[0]
                         net (fo=1, routed)           0.000    11.894    y_scaled_b[22]
    SLICE_X6Y28          FDRE                                         r  y_scaled_b_r_reg[22]/D
  -------------------------------------------------------------------    -------------------

                         (clock clk rise edge)       10.000    10.000 r  
    U4                                                0.000    10.000 r  clk (IN)
                         net (fo=0)                   0.000    10.000    clk
    U4                   IBUF (Prop_ibuf_I_O)         0.796    10.796 r  clk_IBUF_inst/O
                         net (fo=1, routed)           1.862    12.658    clk_IBUF
    BUFGCTRL_X0Y0        BUFG (Prop_bufg_I_O)         0.091    12.749 r  clk_IBUF_BUFG_inst/O
                         net (fo=876, routed)         1.505    14.254    clk_IBUF_BUFG
    SLICE_X6Y28          FDRE                                         r  y_scaled_b_r_reg[22]/C
                         clock pessimism              0.323    14.577    
                         clock uncertainty           -0.035    14.542    
    SLICE_X6Y28          FDRE (Setup_fdre_C_D)        0.109    14.651    y_scaled_b_r_reg[22]
  -------------------------------------------------------------------
                         required time                         14.651    
                         arrival time                         -11.894    
  -------------------------------------------------------------------
                         slack                                  2.757    

Slack (MET) :             2.882ns  (required time - arrival time)
  Source:                 stage[13].ci/y_reg[15]/C
                            (rising edge-triggered cell FDRE clocked by clk  {rise@0.000ns fall@5.000ns period=10.000ns})
  Destination:            y_scaled_b_r_reg[21]/D
                            (rising edge-triggered cell FDRE clocked by clk  {rise@0.000ns fall@5.000ns period=10.000ns})
  Path Group:             clk
  Path Type:              Setup (Max at Slow Process Corner)
  Requirement:            10.000ns  (clk rise@10.000ns - clk rise@0.000ns)
  Data Path Delay:        7.159ns  (logic 3.255ns (45.464%)  route 3.904ns (54.536%))
  Logic Levels:           7  (CARRY4=4 LUT5=2 LUT6=1)
  Clock Path Skew:        -0.032ns (DCD - SCD + CPR)
    Destination Clock Delay (DCD):    4.252ns = ( 14.252 - 10.000 ) 
    Source Clock Delay      (SCD):    4.607ns
    Clock Pessimism Removal (CPR):    0.323ns
  Clock Uncertainty:      0.035ns  ((TSJ^2 + TIJ^2)^1/2 + DJ) / 2 + PE
    Total System Jitter     (TSJ):    0.071ns
    Total Input Jitter      (TIJ):    0.000ns
    Discrete Jitter          (DJ):    0.000ns
    Phase Error              (PE):    0.000ns

    Location             Delay type                Incr(ns)  Path(ns)    Netlist Resource(s)
  -------------------------------------------------------------------    -------------------
                         (clock clk rise edge)        0.000     0.000 r  
    U4                                                0.000     0.000 r  clk (IN)
                         net (fo=0)                   0.000     0.000    clk
    U4                   IBUF (Prop_ibuf_I_O)         0.929     0.929 r  clk_IBUF_inst/O
                         net (fo=1, routed)           1.967     2.896    clk_IBUF
    BUFGCTRL_X0Y0        BUFG (Prop_bufg_I_O)         0.096     2.992 r  clk_IBUF_BUFG_inst/O
                         net (fo=876, routed)         1.615     4.607    stage[13].ci/CLK
    SLICE_X5Y24          FDRE                                         r  stage[13].ci/y_reg[15]/C
  -------------------------------------------------------------------    -------------------
    SLICE_X5Y24          FDRE (Prop_fdre_C_Q)         0.456     5.063 r  stage[13].ci/y_reg[15]/Q
                         net (fo=50, routed)          0.971     6.034    stage[13].ci/cs/z_n_r_reg[15][15]
    SLICE_X2Y21          LUT5 (Prop_lut5_I2_O)        0.150     6.184 r  stage[13].ci/cs/y_next0_carry__15_i_5/O
                         net (fo=1, routed)           0.570     6.754    stage[13].ci_n_112
    SLICE_X4Y21          CARRY4 (Prop_carry4_S[0]_CO[3])
                                                      0.880     7.634 r  cs/y_next0_carry__15/CO[3]
                         net (fo=1, routed)           0.000     7.634    cs/y_next0_carry__15_n_0
    SLICE_X4Y22          CARRY4 (Prop_carry4_CI_CO[3])
                                                      0.114     7.748 r  cs/y_next0_carry__0__12/CO[3]
                         net (fo=1, routed)           0.000     7.748    cs/y_next0_carry__0__12_n_0
    SLICE_X4Y23          CARRY4 (Prop_carry4_CI_O[1])
                                                      0.334     8.082 r  cs/y_next0_carry__1__12/O[1]
                         net (fo=27, routed)          1.204     9.286    stage[13].ci/y_scaled_b_r_reg[17][0]
    SLICE_X6Y29          LUT6 (Prop_lut6_I2_O)        0.303     9.589 r  stage[13].ci/y_scaled_b_r[21]_i_9/O
                         net (fo=3, routed)           0.682    10.272    stage[13].ci/y_scaled_b_r[21]_i_9_n_0
    SLICE_X6Y29          LUT5 (Prop_lut5_I4_O)        0.152    10.424 r  stage[13].ci/y_scaled_b_r[21]_i_4/O
                         net (fo=1, routed)           0.477    10.901    stage[13].ci/y_scaled_b_r[21]_i_4_n_0
    SLICE_X6Y27          CARRY4 (Prop_carry4_DI[0]_O[3])
                                                      0.866    11.767 r  stage[13].ci/y_scaled_b_r_reg[21]_i_1/O[3]
                         net (fo=1, routed)           0.000    11.767    y_scaled_b[21]
    SLICE_X6Y27          FDRE                                         r  y_scaled_b_r_reg[21]/D
  -------------------------------------------------------------------    -------------------

                         (clock clk rise edge)       10.000    10.000 r  
    U4                                                0.000    10.000 r  clk (IN)
                         net (fo=0)                   0.000    10.000    clk
    U4                   IBUF (Prop_ibuf_I_O)         0.796    10.796 r  clk_IBUF_inst/O
                         net (fo=1, routed)           1.862    12.658    clk_IBUF
    BUFGCTRL_X0Y0        BUFG (Prop_bufg_I_O)         0.091    12.749 r  clk_IBUF_BUFG_inst/O
                         net (fo=876, routed)         1.503    14.252    clk_IBUF_BUFG
    SLICE_X6Y27          FDRE                                         r  y_scaled_b_r_reg[21]/C
                         clock pessimism              0.323    14.575    
                         clock uncertainty           -0.035    14.540    
    SLICE_X6Y27          FDRE (Setup_fdre_C_D)        0.109    14.649    y_scaled_b_r_reg[21]
  -------------------------------------------------------------------
                         required time                         14.649    
                         arrival time                         -11.767    
  -------------------------------------------------------------------
                         slack                                  2.882    

Slack (MET) :             2.945ns  (required time - arrival time)
  Source:                 stage[13].ci/y_reg[15]/C
                            (rising edge-triggered cell FDRE clocked by clk  {rise@0.000ns fall@5.000ns period=10.000ns})
  Destination:            y_scaled_b_r_reg[20]/D
                            (rising edge-triggered cell FDRE clocked by clk  {rise@0.000ns fall@5.000ns period=10.000ns})
  Path Group:             clk
  Path Type:              Setup (Max at Slow Process Corner)
  Requirement:            10.000ns  (clk rise@10.000ns - clk rise@0.000ns)
  Data Path Delay:        7.096ns  (logic 3.192ns (44.980%)  route 3.904ns (55.020%))
  Logic Levels:           7  (CARRY4=4 LUT5=2 LUT6=1)
  Clock Path Skew:        -0.032ns (DCD - SCD + CPR)
    Destination Clock Delay (DCD):    4.252ns = ( 14.252 - 10.000 ) 
    Source Clock Delay      (SCD):    4.607ns
    Clock Pessimism Removal (CPR):    0.323ns
  Clock Uncertainty:      0.035ns  ((TSJ^2 + TIJ^2)^1/2 + DJ) / 2 + PE
    Total System Jitter     (TSJ):    0.071ns
    Total Input Jitter      (TIJ):    0.000ns
    Discrete Jitter          (DJ):    0.000ns
    Phase Error              (PE):    0.000ns

    Location             Delay type                Incr(ns)  Path(ns)    Netlist Resource(s)
  -------------------------------------------------------------------    -------------------
                         (clock clk rise edge)        0.000     0.000 r  
    U4                                                0.000     0.000 r  clk (IN)
                         net (fo=0)                   0.000     0.000    clk
    U4                   IBUF (Prop_ibuf_I_O)         0.929     0.929 r  clk_IBUF_inst/O
                         net (fo=1, routed)           1.967     2.896    clk_IBUF
    BUFGCTRL_X0Y0        BUFG (Prop_bufg_I_O)         0.096     2.992 r  clk_IBUF_BUFG_inst/O
                         net (fo=876, routed)         1.615     4.607    stage[13].ci/CLK
    SLICE_X5Y24          FDRE                                         r  stage[13].ci/y_reg[15]/C
  -------------------------------------------------------------------    -------------------
    SLICE_X5Y24          FDRE (Prop_fdre_C_Q)         0.456     5.063 r  stage[13].ci/y_reg[15]/Q
                         net (fo=50, routed)          0.971     6.034    stage[13].ci/cs/z_n_r_reg[15][15]
    SLICE_X2Y21          LUT5 (Prop_lut5_I2_O)        0.150     6.184 r  stage[13].ci/cs/y_next0_carry__15_i_5/O
                         net (fo=1, routed)           0.570     6.754    stage[13].ci_n_112
    SLICE_X4Y21          CARRY4 (Prop_carry4_S[0]_CO[3])
                                                      0.880     7.634 r  cs/y_next0_carry__15/CO[3]
                         net (fo=1, routed)           0.000     7.634    cs/y_next0_carry__15_n_0
    SLICE_X4Y22          CARRY4 (Prop_carry4_CI_CO[3])
                                                      0.114     7.748 r  cs/y_next0_carry__0__12/CO[3]
                         net (fo=1, routed)           0.000     7.748    cs/y_next0_carry__0__12_n_0
    SLICE_X4Y23          CARRY4 (Prop_carry4_CI_O[1])
                                                      0.334     8.082 r  cs/y_next0_carry__1__12/O[1]
                         net (fo=27, routed)          1.204     9.286    stage[13].ci/y_scaled_b_r_reg[17][0]
    SLICE_X6Y29          LUT6 (Prop_lut6_I2_O)        0.303     9.589 r  stage[13].ci/y_scaled_b_r[21]_i_9/O
                         net (fo=3, routed)           0.682    10.272    stage[13].ci/y_scaled_b_r[21]_i_9_n_0
    SLICE_X6Y29          LUT5 (Prop_lut5_I4_O)        0.152    10.424 r  stage[13].ci/y_scaled_b_r[21]_i_4/O
                         net (fo=1, routed)           0.477    10.901    stage[13].ci/y_scaled_b_r[21]_i_4_n_0
    SLICE_X6Y27          CARRY4 (Prop_carry4_DI[0]_O[2])
                                                      0.803    11.704 r  stage[13].ci/y_scaled_b_r_reg[21]_i_1/O[2]
                         net (fo=1, routed)           0.000    11.704    y_scaled_b[20]
    SLICE_X6Y27          FDRE                                         r  y_scaled_b_r_reg[20]/D
  -------------------------------------------------------------------    -------------------

                         (clock clk rise edge)       10.000    10.000 r  
    U4                                                0.000    10.000 r  clk (IN)
                         net (fo=0)                   0.000    10.000    clk
    U4                   IBUF (Prop_ibuf_I_O)         0.796    10.796 r  clk_IBUF_inst/O
                         net (fo=1, routed)           1.862    12.658    clk_IBUF
    BUFGCTRL_X0Y0        BUFG (Prop_bufg_I_O)         0.091    12.749 r  clk_IBUF_BUFG_inst/O
                         net (fo=876, routed)         1.503    14.252    clk_IBUF_BUFG
    SLICE_X6Y27          FDRE                                         r  y_scaled_b_r_reg[20]/C
                         clock pessimism              0.323    14.575    
                         clock uncertainty           -0.035    14.540    
    SLICE_X6Y27          FDRE (Setup_fdre_C_D)        0.109    14.649    y_scaled_b_r_reg[20]
  -------------------------------------------------------------------
                         required time                         14.649    
                         arrival time                         -11.704    
  -------------------------------------------------------------------
                         slack                                  2.945    

Slack (MET) :             2.988ns  (required time - arrival time)
  Source:                 stage[13].ci/y_reg[15]/C
                            (rising edge-triggered cell FDRE clocked by clk  {rise@0.000ns fall@5.000ns period=10.000ns})
  Destination:            y_scaled_b_r_reg[19]/D
                            (rising edge-triggered cell FDRE clocked by clk  {rise@0.000ns fall@5.000ns period=10.000ns})
  Path Group:             clk
  Path Type:              Setup (Max at Slow Process Corner)
  Requirement:            10.000ns  (clk rise@10.000ns - clk rise@0.000ns)
  Data Path Delay:        7.054ns  (logic 3.561ns (50.483%)  route 3.493ns (49.517%))
  Logic Levels:           9  (CARRY4=6 LUT2=1 LUT5=1 LUT6=1)
  Clock Path Skew:        -0.032ns (DCD - SCD + CPR)
    Destination Clock Delay (DCD):    4.252ns = ( 14.252 - 10.000 ) 
    Source Clock Delay      (SCD):    4.607ns
    Clock Pessimism Removal (CPR):    0.323ns
  Clock Uncertainty:      0.035ns  ((TSJ^2 + TIJ^2)^1/2 + DJ) / 2 + PE
    Total System Jitter     (TSJ):    0.071ns
    Total Input Jitter      (TIJ):    0.000ns
    Discrete Jitter          (DJ):    0.000ns
    Phase Error              (PE):    0.000ns

    Location             Delay type                Incr(ns)  Path(ns)    Netlist Resource(s)
  -------------------------------------------------------------------    -------------------
                         (clock clk rise edge)        0.000     0.000 r  
    U4                                                0.000     0.000 r  clk (IN)
                         net (fo=0)                   0.000     0.000    clk
    U4                   IBUF (Prop_ibuf_I_O)         0.929     0.929 r  clk_IBUF_inst/O
                         net (fo=1, routed)           1.967     2.896    clk_IBUF
    BUFGCTRL_X0Y0        BUFG (Prop_bufg_I_O)         0.096     2.992 r  clk_IBUF_BUFG_inst/O
                         net (fo=876, routed)         1.615     4.607    stage[13].ci/CLK
    SLICE_X5Y24          FDRE                                         r  stage[13].ci/y_reg[15]/C
  -------------------------------------------------------------------    -------------------
    SLICE_X5Y24          FDRE (Prop_fdre_C_Q)         0.456     5.063 r  stage[13].ci/y_reg[15]/Q
                         net (fo=50, routed)          0.971     6.034    stage[13].ci/cs/z_n_r_reg[15][15]
    SLICE_X2Y21          LUT5 (Prop_lut5_I2_O)        0.150     6.184 r  stage[13].ci/cs/y_next0_carry__15_i_5/O
                         net (fo=1, routed)           0.570     6.754    stage[13].ci_n_112
    SLICE_X4Y21          CARRY4 (Prop_carry4_S[0]_CO[3])
                                                      0.880     7.634 r  cs/y_next0_carry__15/CO[3]
                         net (fo=1, routed)           0.000     7.634    cs/y_next0_carry__15_n_0
    SLICE_X4Y22          CARRY4 (Prop_carry4_CI_CO[3])
                                                      0.114     7.748 r  cs/y_next0_carry__0__12/CO[3]
                         net (fo=1, routed)           0.000     7.748    cs/y_next0_carry__0__12_n_0
    SLICE_X4Y23          CARRY4 (Prop_carry4_CI_CO[3])
                                                      0.114     7.862 r  cs/y_next0_carry__1__12/CO[3]
                         net (fo=1, routed)           0.000     7.862    stage[13].ci/cs/y_scaled_b_r_reg[21][0]
    SLICE_X4Y24          CARRY4 (Prop_carry4_CI_O[1])
                                                      0.334     8.196 r  stage[13].ci/cs/y_next0_carry__2__12/O[1]
                         net (fo=29, routed)          1.504     9.700    stage[13].ci/y_reg[14]_1[1]
    SLICE_X6Y29          LUT2 (Prop_lut2_I0_O)        0.329    10.029 r  stage[13].ci/y_scaled_b_r[17]_i_12/O
                         net (fo=1, routed)           0.448    10.477    stage[13].ci/y_scaled_b_r[17]_i_12_n_0
    SLICE_X6Y26          LUT6 (Prop_lut6_I1_O)        0.328    10.805 r  stage[13].ci/y_scaled_b_r[17]_i_8/O
                         net (fo=1, routed)           0.000    10.805    stage[13].ci/y_scaled_b_r[17]_i_8_n_0
    SLICE_X6Y26          CARRY4 (Prop_carry4_S[1]_CO[3])
                                                      0.533    11.338 r  stage[13].ci/y_scaled_b_r_reg[17]_i_1/CO[3]
                         net (fo=1, routed)           0.000    11.338    stage[13].ci/y_scaled_b_r_reg[17]_i_1_n_0
    SLICE_X6Y27          CARRY4 (Prop_carry4_CI_O[1])
                                                      0.323    11.661 r  stage[13].ci/y_scaled_b_r_reg[21]_i_1/O[1]
                         net (fo=1, routed)           0.000    11.661    y_scaled_b[19]
    SLICE_X6Y27          FDRE                                         r  y_scaled_b_r_reg[19]/D
  -------------------------------------------------------------------    -------------------

                         (clock clk rise edge)       10.000    10.000 r  
    U4                                                0.000    10.000 r  clk (IN)
                         net (fo=0)                   0.000    10.000    clk
    U4                   IBUF (Prop_ibuf_I_O)         0.796    10.796 r  clk_IBUF_inst/O
                         net (fo=1, routed)           1.862    12.658    clk_IBUF
    BUFGCTRL_X0Y0        BUFG (Prop_bufg_I_O)         0.091    12.749 r  clk_IBUF_BUFG_inst/O
                         net (fo=876, routed)         1.503    14.252    clk_IBUF_BUFG
    SLICE_X6Y27          FDRE                                         r  y_scaled_b_r_reg[19]/C
                         clock pessimism              0.323    14.575    
                         clock uncertainty           -0.035    14.540    
    SLICE_X6Y27          FDRE (Setup_fdre_C_D)        0.109    14.649    y_scaled_b_r_reg[19]
  -------------------------------------------------------------------
                         required time                         14.649    
                         arrival time                         -11.661    
  -------------------------------------------------------------------
                         slack                                  2.988    

Slack (MET) :             3.067ns  (required time - arrival time)
  Source:                 stage[13].ci/y_reg[15]/C
                            (rising edge-triggered cell FDRE clocked by clk  {rise@0.000ns fall@5.000ns period=10.000ns})
  Destination:            y_scaled_a_r_reg[29]/D
                            (rising edge-triggered cell FDRE clocked by clk  {rise@0.000ns fall@5.000ns period=10.000ns})
  Path Group:             clk
  Path Type:              Setup (Max at Slow Process Corner)
  Requirement:            10.000ns  (clk rise@10.000ns - clk rise@0.000ns)
  Data Path Delay:        6.930ns  (logic 3.081ns (44.457%)  route 3.849ns (55.543%))
  Logic Levels:           9  (CARRY4=6 LUT5=1 LUT6=2)
  Clock Path Skew:        -0.029ns (DCD - SCD + CPR)
    Destination Clock Delay (DCD):    4.255ns = ( 14.255 - 10.000 ) 
    Source Clock Delay      (SCD):    4.607ns
    Clock Pessimism Removal (CPR):    0.323ns
  Clock Uncertainty:      0.035ns  ((TSJ^2 + TIJ^2)^1/2 + DJ) / 2 + PE
    Total System Jitter     (TSJ):    0.071ns
    Total Input Jitter      (TIJ):    0.000ns
    Discrete Jitter          (DJ):    0.000ns
    Phase Error              (PE):    0.000ns

    Location             Delay type                Incr(ns)  Path(ns)    Netlist Resource(s)
  -------------------------------------------------------------------    -------------------
                         (clock clk rise edge)        0.000     0.000 r  
    U4                                                0.000     0.000 r  clk (IN)
                         net (fo=0)                   0.000     0.000    clk
    U4                   IBUF (Prop_ibuf_I_O)         0.929     0.929 r  clk_IBUF_inst/O
                         net (fo=1, routed)           1.967     2.896    clk_IBUF
    BUFGCTRL_X0Y0        BUFG (Prop_bufg_I_O)         0.096     2.992 r  clk_IBUF_BUFG_inst/O
                         net (fo=876, routed)         1.615     4.607    stage[13].ci/CLK
    SLICE_X5Y24          FDRE                                         r  stage[13].ci/y_reg[15]/C
  -------------------------------------------------------------------    -------------------
    SLICE_X5Y24          FDRE (Prop_fdre_C_Q)         0.456     5.063 r  stage[13].ci/y_reg[15]/Q
                         net (fo=50, routed)          0.971     6.034    stage[13].ci/cs/z_n_r_reg[15][15]
    SLICE_X2Y21          LUT5 (Prop_lut5_I2_O)        0.150     6.184 r  stage[13].ci/cs/y_next0_carry__15_i_5/O
                         net (fo=1, routed)           0.570     6.754    stage[13].ci_n_112
    SLICE_X4Y21          CARRY4 (Prop_carry4_S[0]_CO[3])
                                                      0.880     7.634 r  cs/y_next0_carry__15/CO[3]
                         net (fo=1, routed)           0.000     7.634    cs/y_next0_carry__15_n_0
    SLICE_X4Y22          CARRY4 (Prop_carry4_CI_O[3])
                                                      0.313     7.947 r  cs/y_next0_carry__0__12/O[3]
                         net (fo=25, routed)          1.430     9.377    sy[14]__0[7]
    SLICE_X9Y26          LUT6 (Prop_lut6_I4_O)        0.306     9.683 r  y_scaled_a_r[20]_i_2/O
                         net (fo=2, routed)           0.879    10.561    y_scaled_a_r[20]_i_2_n_0
    SLICE_X7Y26          LUT6 (Prop_lut6_I0_O)        0.124    10.685 r  y_scaled_a_r[20]_i_6/O
                         net (fo=1, routed)           0.000    10.685    y_scaled_a_r[20]_i_6_n_0
    SLICE_X7Y26          CARRY4 (Prop_carry4_S[3]_CO[3])
                                                      0.401    11.086 r  y_scaled_a_r_reg[20]_i_1/CO[3]
                         net (fo=1, routed)           0.000    11.086    y_scaled_a_r_reg[20]_i_1_n_0
    SLICE_X7Y27          CARRY4 (Prop_carry4_CI_CO[3])
                                                      0.114    11.200 r  y_scaled_a_r_reg[24]_i_1/CO[3]
                         net (fo=1, routed)           0.000    11.200    stage[13].ci/y_scaled_a_r_reg[28][0]
    SLICE_X7Y28          CARRY4 (Prop_carry4_CI_CO[3])
                                                      0.114    11.314 r  stage[13].ci/y_scaled_a_r_reg[28]_i_1/CO[3]
                         net (fo=1, routed)           0.000    11.314    stage[13].ci/y_scaled_a_r_reg[28]_i_1_n_0
    SLICE_X7Y29          CARRY4 (Prop_carry4_CI_O[0])
                                                      0.223    11.537 r  stage[13].ci/y_scaled_a_r_reg[29]_i_1/O[0]
                         net (fo=1, routed)           0.000    11.537    y_scaled_a[29]
    SLICE_X7Y29          FDRE                                         r  y_scaled_a_r_reg[29]/D
  -------------------------------------------------------------------    -------------------

                         (clock clk rise edge)       10.000    10.000 r  
    U4                                                0.000    10.000 r  clk (IN)
                         net (fo=0)                   0.000    10.000    clk
    U4                   IBUF (Prop_ibuf_I_O)         0.796    10.796 r  clk_IBUF_inst/O
                         net (fo=1, routed)           1.862    12.658    clk_IBUF
    BUFGCTRL_X0Y0        BUFG (Prop_bufg_I_O)         0.091    12.749 r  clk_IBUF_BUFG_inst/O
                         net (fo=876, routed)         1.506    14.255    clk_IBUF_BUFG
    SLICE_X7Y29          FDRE                                         r  y_scaled_a_r_reg[29]/C
                         clock pessimism              0.323    14.578    
                         clock uncertainty           -0.035    14.543    
    SLICE_X7Y29          FDRE (Setup_fdre_C_D)        0.062    14.605    y_scaled_a_r_reg[29]
  -------------------------------------------------------------------
                         required time                         14.605    
                         arrival time                         -11.537    
  -------------------------------------------------------------------
                         slack                                  3.067    

Slack (MET) :             3.069ns  (required time - arrival time)
  Source:                 stage[13].ci/y_reg[15]/C
                            (rising edge-triggered cell FDRE clocked by clk  {rise@0.000ns fall@5.000ns period=10.000ns})
  Destination:            y_scaled_a_r_reg[26]/D
                            (rising edge-triggered cell FDRE clocked by clk  {rise@0.000ns fall@5.000ns period=10.000ns})
  Path Group:             clk
  Path Type:              Setup (Max at Slow Process Corner)
  Requirement:            10.000ns  (clk rise@10.000ns - clk rise@0.000ns)
  Data Path Delay:        6.927ns  (logic 3.078ns (44.433%)  route 3.849ns (55.567%))
  Logic Levels:           8  (CARRY4=5 LUT5=1 LUT6=2)
  Clock Path Skew:        -0.030ns (DCD - SCD + CPR)
    Destination Clock Delay (DCD):    4.254ns = ( 14.254 - 10.000 ) 
    Source Clock Delay      (SCD):    4.607ns
    Clock Pessimism Removal (CPR):    0.323ns
  Clock Uncertainty:      0.035ns  ((TSJ^2 + TIJ^2)^1/2 + DJ) / 2 + PE
    Total System Jitter     (TSJ):    0.071ns
    Total Input Jitter      (TIJ):    0.000ns
    Discrete Jitter          (DJ):    0.000ns
    Phase Error              (PE):    0.000ns

    Location             Delay type                Incr(ns)  Path(ns)    Netlist Resource(s)
  -------------------------------------------------------------------    -------------------
                         (clock clk rise edge)        0.000     0.000 r  
    U4                                                0.000     0.000 r  clk (IN)
                         net (fo=0)                   0.000     0.000    clk
    U4                   IBUF (Prop_ibuf_I_O)         0.929     0.929 r  clk_IBUF_inst/O
                         net (fo=1, routed)           1.967     2.896    clk_IBUF
    BUFGCTRL_X0Y0        BUFG (Prop_bufg_I_O)         0.096     2.992 r  clk_IBUF_BUFG_inst/O
                         net (fo=876, routed)         1.615     4.607    stage[13].ci/CLK
    SLICE_X5Y24          FDRE                                         r  stage[13].ci/y_reg[15]/C
  -------------------------------------------------------------------    -------------------
    SLICE_X5Y24          FDRE (Prop_fdre_C_Q)         0.456     5.063 r  stage[13].ci/y_reg[15]/Q
                         net (fo=50, routed)          0.971     6.034    stage[13].ci/cs/z_n_r_reg[15][15]
    SLICE_X2Y21          LUT5 (Prop_lut5_I2_O)        0.150     6.184 r  stage[13].ci/cs/y_next0_carry__15_i_5/O
                         net (fo=1, routed)           0.570     6.754    stage[13].ci_n_112
    SLICE_X4Y21          CARRY4 (Prop_carry4_S[0]_CO[3])
                                                      0.880     7.634 r  cs/y_next0_carry__15/CO[3]
                         net (fo=1, routed)           0.000     7.634    cs/y_next0_carry__15_n_0
    SLICE_X4Y22          CARRY4 (Prop_carry4_CI_O[3])
                                                      0.313     7.947 r  cs/y_next0_carry__0__12/O[3]
                         net (fo=25, routed)          1.430     9.377    sy[14]__0[7]
    SLICE_X9Y26          LUT6 (Prop_lut6_I4_O)        0.306     9.683 r  y_scaled_a_r[20]_i_2/O
                         net (fo=2, routed)           0.879    10.561    y_scaled_a_r[20]_i_2_n_0
    SLICE_X7Y26          LUT6 (Prop_lut6_I0_O)        0.124    10.685 r  y_scaled_a_r[20]_i_6/O
                         net (fo=1, routed)           0.000    10.685    y_scaled_a_r[20]_i_6_n_0
    SLICE_X7Y26          CARRY4 (Prop_carry4_S[3]_CO[3])
                                                      0.401    11.086 r  y_scaled_a_r_reg[20]_i_1/CO[3]
                         net (fo=1, routed)           0.000    11.086    y_scaled_a_r_reg[20]_i_1_n_0
    SLICE_X7Y27          CARRY4 (Prop_carry4_CI_CO[3])
                                                      0.114    11.200 r  y_scaled_a_r_reg[24]_i_1/CO[3]
                         net (fo=1, routed)           0.000    11.200    stage[13].ci/y_scaled_a_r_reg[28][0]
    SLICE_X7Y28          CARRY4 (Prop_carry4_CI_O[1])
                                                      0.334    11.534 r  stage[13].ci/y_scaled_a_r_reg[28]_i_1/O[1]
                         net (fo=1, routed)           0.000    11.534    y_scaled_a[26]
    SLICE_X7Y28          FDRE                                         r  y_scaled_a_r_reg[26]/D
  -------------------------------------------------------------------    -------------------

                         (clock clk rise edge)       10.000    10.000 r  
    U4                                                0.000    10.000 r  clk (IN)
                         net (fo=0)                   0.000    10.000    clk
    U4                   IBUF (Prop_ibuf_I_O)         0.796    10.796 r  clk_IBUF_inst/O
                         net (fo=1, routed)           1.862    12.658    clk_IBUF
    BUFGCTRL_X0Y0        BUFG (Prop_bufg_I_O)         0.091    12.749 r  clk_IBUF_BUFG_inst/O
                         net (fo=876, routed)         1.505    14.254    clk_IBUF_BUFG
    SLICE_X7Y28          FDRE                                         r  y_scaled_a_r_reg[26]/C
                         clock pessimism              0.323    14.577    
                         clock uncertainty           -0.035    14.542    
    SLICE_X7Y28          FDRE (Setup_fdre_C_D)        0.062    14.604    y_scaled_a_r_reg[26]
  -------------------------------------------------------------------
                         required time                         14.604    
                         arrival time                         -11.534    
  -------------------------------------------------------------------
                         slack                                  3.069    

Slack (MET) :             3.090ns  (required time - arrival time)
  Source:                 stage[13].ci/y_reg[15]/C
                            (rising edge-triggered cell FDRE clocked by clk  {rise@0.000ns fall@5.000ns period=10.000ns})
  Destination:            y_scaled_a_r_reg[28]/D
                            (rising edge-triggered cell FDRE clocked by clk  {rise@0.000ns fall@5.000ns period=10.000ns})
  Path Group:             clk
  Path Type:              Setup (Max at Slow Process Corner)
  Requirement:            10.000ns  (clk rise@10.000ns - clk rise@0.000ns)
  Data Path Delay:        6.906ns  (logic 3.057ns (44.264%)  route 3.849ns (55.736%))
  Logic Levels:           8  (CARRY4=5 LUT5=1 LUT6=2)
  Clock Path Skew:        -0.030ns (DCD - SCD + CPR)
    Destination Clock Delay (DCD):    4.254ns = ( 14.254 - 10.000 ) 
    Source Clock Delay      (SCD):    4.607ns
    Clock Pessimism Removal (CPR):    0.323ns
  Clock Uncertainty:      0.035ns  ((TSJ^2 + TIJ^2)^1/2 + DJ) / 2 + PE
    Total System Jitter     (TSJ):    0.071ns
    Total Input Jitter      (TIJ):    0.000ns
    Discrete Jitter          (DJ):    0.000ns
    Phase Error              (PE):    0.000ns

    Location             Delay type                Incr(ns)  Path(ns)    Netlist Resource(s)
  -------------------------------------------------------------------    -------------------
                         (clock clk rise edge)        0.000     0.000 r  
    U4                                                0.000     0.000 r  clk (IN)
                         net (fo=0)                   0.000     0.000    clk
    U4                   IBUF (Prop_ibuf_I_O)         0.929     0.929 r  clk_IBUF_inst/O
                         net (fo=1, routed)           1.967     2.896    clk_IBUF
    BUFGCTRL_X0Y0        BUFG (Prop_bufg_I_O)         0.096     2.992 r  clk_IBUF_BUFG_inst/O
                         net (fo=876, routed)         1.615     4.607    stage[13].ci/CLK
    SLICE_X5Y24          FDRE                                         r  stage[13].ci/y_reg[15]/C
  -------------------------------------------------------------------    -------------------
    SLICE_X5Y24          FDRE (Prop_fdre_C_Q)         0.456     5.063 r  stage[13].ci/y_reg[15]/Q
                         net (fo=50, routed)          0.971     6.034    stage[13].ci/cs/z_n_r_reg[15][15]
    SLICE_X2Y21          LUT5 (Prop_lut5_I2_O)        0.150     6.184 r  stage[13].ci/cs/y_next0_carry__15_i_5/O
                         net (fo=1, routed)           0.570     6.754    stage[13].ci_n_112
    SLICE_X4Y21          CARRY4 (Prop_carry4_S[0]_CO[3])
                                                      0.880     7.634 r  cs/y_next0_carry__15/CO[3]
                         net (fo=1, routed)           0.000     7.634    cs/y_next0_carry__15_n_0
    SLICE_X4Y22          CARRY4 (Prop_carry4_CI_O[3])
                                                      0.313     7.947 r  cs/y_next0_carry__0__12/O[3]
                         net (fo=25, routed)          1.430     9.377    sy[14]__0[7]
    SLICE_X9Y26          LUT6 (Prop_lut6_I4_O)        0.306     9.683 r  y_scaled_a_r[20]_i_2/O
                         net (fo=2, routed)           0.879    10.561    y_scaled_a_r[20]_i_2_n_0
    SLICE_X7Y26          LUT6 (Prop_lut6_I0_O)        0.124    10.685 r  y_scaled_a_r[20]_i_6/O
                         net (fo=1, routed)           0.000    10.685    y_scaled_a_r[20]_i_6_n_0
    SLICE_X7Y26          CARRY4 (Prop_carry4_S[3]_CO[3])
                                                      0.401    11.086 r  y_scaled_a_r_reg[20]_i_1/CO[3]
                         net (fo=1, routed)           0.000    11.086    y_scaled_a_r_reg[20]_i_1_n_0
    SLICE_X7Y27          CARRY4 (Prop_carry4_CI_CO[3])
                                                      0.114    11.200 r  y_scaled_a_r_reg[24]_i_1/CO[3]
                         net (fo=1, routed)           0.000    11.200    stage[13].ci/y_scaled_a_r_reg[28][0]
    SLICE_X7Y28          CARRY4 (Prop_carry4_CI_O[3])
                                                      0.313    11.513 r  stage[13].ci/y_scaled_a_r_reg[28]_i_1/O[3]
                         net (fo=1, routed)           0.000    11.513    y_scaled_a[28]
    SLICE_X7Y28          FDRE                                         r  y_scaled_a_r_reg[28]/D
  -------------------------------------------------------------------    -------------------

                         (clock clk rise edge)       10.000    10.000 r  
    U4                                                0.000    10.000 r  clk (IN)
                         net (fo=0)                   0.000    10.000    clk
    U4                   IBUF (Prop_ibuf_I_O)         0.796    10.796 r  clk_IBUF_inst/O
                         net (fo=1, routed)           1.862    12.658    clk_IBUF
    BUFGCTRL_X0Y0        BUFG (Prop_bufg_I_O)         0.091    12.749 r  clk_IBUF_BUFG_inst/O
                         net (fo=876, routed)         1.505    14.254    clk_IBUF_BUFG
    SLICE_X7Y28          FDRE                                         r  y_scaled_a_r_reg[28]/C
                         clock pessimism              0.323    14.577    
                         clock uncertainty           -0.035    14.542    
    SLICE_X7Y28          FDRE (Setup_fdre_C_D)        0.062    14.604    y_scaled_a_r_reg[28]
  -------------------------------------------------------------------
                         required time                         14.604    
                         arrival time                         -11.513    
  -------------------------------------------------------------------
                         slack                                  3.090    

Slack (MET) :             3.092ns  (required time - arrival time)
  Source:                 stage[13].ci/y_reg[15]/C
                            (rising edge-triggered cell FDRE clocked by clk  {rise@0.000ns fall@5.000ns period=10.000ns})
  Destination:            y_scaled_b_r_reg[18]/D
                            (rising edge-triggered cell FDRE clocked by clk  {rise@0.000ns fall@5.000ns period=10.000ns})
  Path Group:             clk
  Path Type:              Setup (Max at Slow Process Corner)
  Requirement:            10.000ns  (clk rise@10.000ns - clk rise@0.000ns)
  Data Path Delay:        6.950ns  (logic 3.457ns (49.742%)  route 3.493ns (50.258%))
  Logic Levels:           9  (CARRY4=6 LUT2=1 LUT5=1 LUT6=1)
  Clock Path Skew:        -0.032ns (DCD - SCD + CPR)
    Destination Clock Delay (DCD):    4.252ns = ( 14.252 - 10.000 ) 
    Source Clock Delay      (SCD):    4.607ns
    Clock Pessimism Removal (CPR):    0.323ns
  Clock Uncertainty:      0.035ns  ((TSJ^2 + TIJ^2)^1/2 + DJ) / 2 + PE
    Total System Jitter     (TSJ):    0.071ns
    Total Input Jitter      (TIJ):    0.000ns
    Discrete Jitter          (DJ):    0.000ns
    Phase Error              (PE):    0.000ns

    Location             Delay type                Incr(ns)  Path(ns)    Netlist Resource(s)
  -------------------------------------------------------------------    -------------------
                         (clock clk rise edge)        0.000     0.000 r  
    U4                                                0.000     0.000 r  clk (IN)
                         net (fo=0)                   0.000     0.000    clk
    U4                   IBUF (Prop_ibuf_I_O)         0.929     0.929 r  clk_IBUF_inst/O
                         net (fo=1, routed)           1.967     2.896    clk_IBUF
    BUFGCTRL_X0Y0        BUFG (Prop_bufg_I_O)         0.096     2.992 r  clk_IBUF_BUFG_inst/O
                         net (fo=876, routed)         1.615     4.607    stage[13].ci/CLK
    SLICE_X5Y24          FDRE                                         r  stage[13].ci/y_reg[15]/C
  -------------------------------------------------------------------    -------------------
    SLICE_X5Y24          FDRE (Prop_fdre_C_Q)         0.456     5.063 r  stage[13].ci/y_reg[15]/Q
                         net (fo=50, routed)          0.971     6.034    stage[13].ci/cs/z_n_r_reg[15][15]
    SLICE_X2Y21          LUT5 (Prop_lut5_I2_O)        0.150     6.184 r  stage[13].ci/cs/y_next0_carry__15_i_5/O
                         net (fo=1, routed)           0.570     6.754    stage[13].ci_n_112
    SLICE_X4Y21          CARRY4 (Prop_carry4_S[0]_CO[3])
                                                      0.880     7.634 r  cs/y_next0_carry__15/CO[3]
                         net (fo=1, routed)           0.000     7.634    cs/y_next0_carry__15_n_0
    SLICE_X4Y22          CARRY4 (Prop_carry4_CI_CO[3])
                                                      0.114     7.748 r  cs/y_next0_carry__0__12/CO[3]
                         net (fo=1, routed)           0.000     7.748    cs/y_next0_carry__0__12_n_0
    SLICE_X4Y23          CARRY4 (Prop_carry4_CI_CO[3])
                                                      0.114     7.862 r  cs/y_next0_carry__1__12/CO[3]
                         net (fo=1, routed)           0.000     7.862    stage[13].ci/cs/y_scaled_b_r_reg[21][0]
    SLICE_X4Y24          CARRY4 (Prop_carry4_CI_O[1])
                                                      0.334     8.196 r  stage[13].ci/cs/y_next0_carry__2__12/O[1]
                         net (fo=29, routed)          1.504     9.700    stage[13].ci/y_reg[14]_1[1]
    SLICE_X6Y29          LUT2 (Prop_lut2_I0_O)        0.329    10.029 r  stage[13].ci/y_scaled_b_r[17]_i_12/O
                         net (fo=1, routed)           0.448    10.477    stage[13].ci/y_scaled_b_r[17]_i_12_n_0
    SLICE_X6Y26          LUT6 (Prop_lut6_I1_O)        0.328    10.805 r  stage[13].ci/y_scaled_b_r[17]_i_8/O
                         net (fo=1, routed)           0.000    10.805    stage[13].ci/y_scaled_b_r[17]_i_8_n_0
    SLICE_X6Y26          CARRY4 (Prop_carry4_S[1]_CO[3])
                                                      0.533    11.338 r  stage[13].ci/y_scaled_b_r_reg[17]_i_1/CO[3]
                         net (fo=1, routed)           0.000    11.338    stage[13].ci/y_scaled_b_r_reg[17]_i_1_n_0
    SLICE_X6Y27          CARRY4 (Prop_carry4_CI_O[0])
                                                      0.219    11.557 r  stage[13].ci/y_scaled_b_r_reg[21]_i_1/O[0]
                         net (fo=1, routed)           0.000    11.557    y_scaled_b[18]
    SLICE_X6Y27          FDRE                                         r  y_scaled_b_r_reg[18]/D
  -------------------------------------------------------------------    -------------------

                         (clock clk rise edge)       10.000    10.000 r  
    U4                                                0.000    10.000 r  clk (IN)
                         net (fo=0)                   0.000    10.000    clk
    U4                   IBUF (Prop_ibuf_I_O)         0.796    10.796 r  clk_IBUF_inst/O
                         net (fo=1, routed)           1.862    12.658    clk_IBUF
    BUFGCTRL_X0Y0        BUFG (Prop_bufg_I_O)         0.091    12.749 r  clk_IBUF_BUFG_inst/O
                         net (fo=876, routed)         1.503    14.252    clk_IBUF_BUFG
    SLICE_X6Y27          FDRE                                         r  y_scaled_b_r_reg[18]/C
                         clock pessimism              0.323    14.575    
                         clock uncertainty           -0.035    14.540    
    SLICE_X6Y27          FDRE (Setup_fdre_C_D)        0.109    14.649    y_scaled_b_r_reg[18]
  -------------------------------------------------------------------
                         required time                         14.649    
                         arrival time                         -11.557    
  -------------------------------------------------------------------
                         slack                                  3.092    

Slack (MET) :             3.129ns  (required time - arrival time)
  Source:                 stage[13].ci/y_reg[15]/C
                            (rising edge-triggered cell FDRE clocked by clk  {rise@0.000ns fall@5.000ns period=10.000ns})
  Destination:            x_scaled_b_r_reg[22]/D
                            (rising edge-triggered cell FDRE clocked by clk  {rise@0.000ns fall@5.000ns period=10.000ns})
  Path Group:             clk
  Path Type:              Setup (Max at Slow Process Corner)
  Requirement:            10.000ns  (clk rise@10.000ns - clk rise@0.000ns)
  Data Path Delay:        6.917ns  (logic 3.382ns (48.895%)  route 3.535ns (51.105%))
  Logic Levels:           9  (CARRY4=6 LUT3=1 LUT5=1 LUT6=1)
  Clock Path Skew:        -0.028ns (DCD - SCD + CPR)
    Destination Clock Delay (DCD):    4.256ns = ( 14.256 - 10.000 ) 
    Source Clock Delay      (SCD):    4.607ns
    Clock Pessimism Removal (CPR):    0.323ns
  Clock Uncertainty:      0.035ns  ((TSJ^2 + TIJ^2)^1/2 + DJ) / 2 + PE
    Total System Jitter     (TSJ):    0.071ns
    Total Input Jitter      (TIJ):    0.000ns
    Discrete Jitter          (DJ):    0.000ns
    Phase Error              (PE):    0.000ns

    Location             Delay type                Incr(ns)  Path(ns)    Netlist Resource(s)
  -------------------------------------------------------------------    -------------------
                         (clock clk rise edge)        0.000     0.000 r  
    U4                                                0.000     0.000 r  clk (IN)
                         net (fo=0)                   0.000     0.000    clk
    U4                   IBUF (Prop_ibuf_I_O)         0.929     0.929 r  clk_IBUF_inst/O
                         net (fo=1, routed)           1.967     2.896    clk_IBUF
    BUFGCTRL_X0Y0        BUFG (Prop_bufg_I_O)         0.096     2.992 r  clk_IBUF_BUFG_inst/O
                         net (fo=876, routed)         1.615     4.607    stage[13].ci/CLK
    SLICE_X5Y24          FDRE                                         r  stage[13].ci/y_reg[15]/C
  -------------------------------------------------------------------    -------------------
    SLICE_X5Y24          FDRE (Prop_fdre_C_Q)         0.456     5.063 r  stage[13].ci/y_reg[15]/Q
                         net (fo=50, routed)          1.034     6.097    stage[13].ci/cs/z_n_r_reg[15][15]
    SLICE_X4Y20          LUT3 (Prop_lut3_I2_O)        0.152     6.249 r  stage[13].ci/cs/x_next0_carry__15_i_1/O
                         net (fo=2, routed)           0.515     6.765    stage[13].ci_n_17
    SLICE_X3Y20          CARRY4 (Prop_carry4_CYINIT_CO[3])
                                                      0.788     7.553 r  cs/x_next0_carry__15/CO[3]
                         net (fo=1, routed)           0.000     7.553    cs/x_next0_carry__15_n_0
    SLICE_X3Y21          CARRY4 (Prop_carry4_CI_CO[3])
                                                      0.114     7.667 r  cs/x_next0_carry__0__12/CO[3]
                         net (fo=1, routed)           0.000     7.667    cs/x_next0_carry__0__12_n_0
    SLICE_X3Y22          CARRY4 (Prop_carry4_CI_CO[3])
                                                      0.114     7.781 r  cs/x_next0_carry__1__12/CO[3]
                         net (fo=1, routed)           0.000     7.781    stage[13].ci/cs/x_scaled_b_r_reg[21][0]
    SLICE_X3Y23          CARRY4 (Prop_carry4_CI_O[1])
                                                      0.334     8.115 f  stage[13].ci/cs/x_next0_carry__2__12/O[1]
                         net (fo=29, routed)          0.998     9.113    stage[13].ci/O[1]
    SLICE_X4Y27          LUT6 (Prop_lut6_I0_O)        0.303     9.416 r  stage[13].ci/x_scaled_b_r[21]_i_9/O
                         net (fo=3, routed)           0.456     9.872    stage[13].ci/x_scaled_b_r[21]_i_9_n_0
    SLICE_X4Y27          LUT5 (Prop_lut5_I4_O)        0.150    10.022 r  stage[13].ci/x_scaled_b_r[21]_i_4/O
                         net (fo=1, routed)           0.531    10.553    stage[13].ci/x_scaled_b_r[21]_i_4_n_0
    SLICE_X2Y27          CARRY4 (Prop_carry4_DI[0]_CO[3])
                                                      0.752    11.305 r  stage[13].ci/x_scaled_b_r_reg[21]_i_1/CO[3]
                         net (fo=1, routed)           0.000    11.305    stage[13].ci/x_scaled_b_r_reg[21]_i_1_n_0
    SLICE_X2Y28          CARRY4 (Prop_carry4_CI_O[0])
                                                      0.219    11.524 r  stage[13].ci/x_scaled_b_r_reg[22]_i_1/O[0]
                         net (fo=1, routed)           0.000    11.524    x_scaled_b[22]
    SLICE_X2Y28          FDRE                                         r  x_scaled_b_r_reg[22]/D
  -------------------------------------------------------------------    -------------------

                         (clock clk rise edge)       10.000    10.000 r  
    U4                                                0.000    10.000 r  clk (IN)
                         net (fo=0)                   0.000    10.000    clk
    U4                   IBUF (Prop_ibuf_I_O)         0.796    10.796 r  clk_IBUF_inst/O
                         net (fo=1, routed)           1.862    12.658    clk_IBUF
    BUFGCTRL_X0Y0        BUFG (Prop_bufg_I_O)         0.091    12.749 r  clk_IBUF_BUFG_inst/O
                         net (fo=876, routed)         1.507    14.256    clk_IBUF_BUFG
    SLICE_X2Y28          FDRE                                         r  x_scaled_b_r_reg[22]/C
                         clock pessimism              0.323    14.579    
                         clock uncertainty           -0.035    14.544    
    SLICE_X2Y28          FDRE (Setup_fdre_C_D)        0.109    14.653    x_scaled_b_r_reg[22]
  -------------------------------------------------------------------
                         required time                         14.653    
                         arrival time                         -11.524    
  -------------------------------------------------------------------
                         slack                                  3.129    

Slack (MET) :             3.164ns  (required time - arrival time)
  Source:                 stage[13].ci/y_reg[15]/C
                            (rising edge-triggered cell FDRE clocked by clk  {rise@0.000ns fall@5.000ns period=10.000ns})
  Destination:            y_scaled_a_r_reg[27]/D
                            (rising edge-triggered cell FDRE clocked by clk  {rise@0.000ns fall@5.000ns period=10.000ns})
  Path Group:             clk
  Path Type:              Setup (Max at Slow Process Corner)
  Requirement:            10.000ns  (clk rise@10.000ns - clk rise@0.000ns)
  Data Path Delay:        6.832ns  (logic 2.983ns (43.660%)  route 3.849ns (56.340%))
  Logic Levels:           8  (CARRY4=5 LUT5=1 LUT6=2)
  Clock Path Skew:        -0.030ns (DCD - SCD + CPR)
    Destination Clock Delay (DCD):    4.254ns = ( 14.254 - 10.000 ) 
    Source Clock Delay      (SCD):    4.607ns
    Clock Pessimism Removal (CPR):    0.323ns
  Clock Uncertainty:      0.035ns  ((TSJ^2 + TIJ^2)^1/2 + DJ) / 2 + PE
    Total System Jitter     (TSJ):    0.071ns
    Total Input Jitter      (TIJ):    0.000ns
    Discrete Jitter          (DJ):    0.000ns
    Phase Error              (PE):    0.000ns

    Location             Delay type                Incr(ns)  Path(ns)    Netlist Resource(s)
  -------------------------------------------------------------------    -------------------
                         (clock clk rise edge)        0.000     0.000 r  
    U4                                                0.000     0.000 r  clk (IN)
                         net (fo=0)                   0.000     0.000    clk
    U4                   IBUF (Prop_ibuf_I_O)         0.929     0.929 r  clk_IBUF_inst/O
                         net (fo=1, routed)           1.967     2.896    clk_IBUF
    BUFGCTRL_X0Y0        BUFG (Prop_bufg_I_O)         0.096     2.992 r  clk_IBUF_BUFG_inst/O
                         net (fo=876, routed)         1.615     4.607    stage[13].ci/CLK
    SLICE_X5Y24          FDRE                                         r  stage[13].ci/y_reg[15]/C
  -------------------------------------------------------------------    -------------------
    SLICE_X5Y24          FDRE (Prop_fdre_C_Q)         0.456     5.063 r  stage[13].ci/y_reg[15]/Q
                         net (fo=50, routed)          0.971     6.034    stage[13].ci/cs/z_n_r_reg[15][15]
    SLICE_X2Y21          LUT5 (Prop_lut5_I2_O)        0.150     6.184 r  stage[13].ci/cs/y_next0_carry__15_i_5/O
                         net (fo=1, routed)           0.570     6.754    stage[13].ci_n_112
    SLICE_X4Y21          CARRY4 (Prop_carry4_S[0]_CO[3])
                                                      0.880     7.634 r  cs/y_next0_carry__15/CO[3]
                         net (fo=1, routed)           0.000     7.634    cs/y_next0_carry__15_n_0
    SLICE_X4Y22          CARRY4 (Prop_carry4_CI_O[3])
                                                      0.313     7.947 r  cs/y_next0_carry__0__12/O[3]
                         net (fo=25, routed)          1.430     9.377    sy[14]__0[7]
    SLICE_X9Y26          LUT6 (Prop_lut6_I4_O)        0.306     9.683 r  y_scaled_a_r[20]_i_2/O
                         net (fo=2, routed)           0.879    10.561    y_scaled_a_r[20]_i_2_n_0
    SLICE_X7Y26          LUT6 (Prop_lut6_I0_O)        0.124    10.685 r  y_scaled_a_r[20]_i_6/O
                         net (fo=1, routed)           0.000    10.685    y_scaled_a_r[20]_i_6_n_0
    SLICE_X7Y26          CARRY4 (Prop_carry4_S[3]_CO[3])
                                                      0.401    11.086 r  y_scaled_a_r_reg[20]_i_1/CO[3]
                         net (fo=1, routed)           0.000    11.086    y_scaled_a_r_reg[20]_i_1_n_0
    SLICE_X7Y27          CARRY4 (Prop_carry4_CI_CO[3])
                                                      0.114    11.200 r  y_scaled_a_r_reg[24]_i_1/CO[3]
                         net (fo=1, routed)           0.000    11.200    stage[13].ci/y_scaled_a_r_reg[28][0]
    SLICE_X7Y28          CARRY4 (Prop_carry4_CI_O[2])
                                                      0.239    11.439 r  stage[13].ci/y_scaled_a_r_reg[28]_i_1/O[2]
                         net (fo=1, routed)           0.000    11.439    y_scaled_a[27]
    SLICE_X7Y28          FDRE                                         r  y_scaled_a_r_reg[27]/D
  -------------------------------------------------------------------    -------------------

                         (clock clk rise edge)       10.000    10.000 r  
    U4                                                0.000    10.000 r  clk (IN)
                         net (fo=0)                   0.000    10.000    clk
    U4                   IBUF (Prop_ibuf_I_O)         0.796    10.796 r  clk_IBUF_inst/O
                         net (fo=1, routed)           1.862    12.658    clk_IBUF
    BUFGCTRL_X0Y0        BUFG (Prop_bufg_I_O)         0.091    12.749 r  clk_IBUF_BUFG_inst/O
                         net (fo=876, routed)         1.505    14.254    clk_IBUF_BUFG
    SLICE_X7Y28          FDRE                                         r  y_scaled_a_r_reg[27]/C
                         clock pessimism              0.323    14.577    
                         clock uncertainty           -0.035    14.542    
    SLICE_X7Y28          FDRE (Setup_fdre_C_D)        0.062    14.604    y_scaled_a_r_reg[27]
  -------------------------------------------------------------------
                         required time                         14.604    
                         arrival time                         -11.439    
  -------------------------------------------------------------------
                         slack                                  3.164    





Min Delay Paths
--------------------------------------------------------------------------------------
Slack (MET) :             0.180ns  (arrival time - required time)
  Source:                 yin_r_reg[15]/C
                            (rising edge-triggered cell FDRE clocked by clk  {rise@0.000ns fall@5.000ns period=10.000ns})
  Destination:            stage[0].ci/y_reg[15]/D
                            (rising edge-triggered cell FDRE clocked by clk  {rise@0.000ns fall@5.000ns period=10.000ns})
  Path Group:             clk
  Path Type:              Hold (Min at Fast Process Corner)
  Requirement:            0.000ns  (clk rise@0.000ns - clk rise@0.000ns)
  Data Path Delay:        0.285ns  (logic 0.186ns (65.306%)  route 0.099ns (34.694%))
  Logic Levels:           1  (LUT4=1)
  Clock Path Skew:        0.013ns (DCD - SCD - CPR)
    Destination Clock Delay (DCD):    1.918ns
    Source Clock Delay      (SCD):    1.404ns
    Clock Pessimism Removal (CPR):    0.501ns

    Location             Delay type                Incr(ns)  Path(ns)    Netlist Resource(s)
  -------------------------------------------------------------------    -------------------
                         (clock clk rise edge)        0.000     0.000 r  
    U4                                                0.000     0.000 r  clk (IN)
                         net (fo=0)                   0.000     0.000    clk
    U4                   IBUF (Prop_ibuf_I_O)         0.158     0.158 r  clk_IBUF_inst/O
                         net (fo=1, routed)           0.631     0.790    clk_IBUF
    BUFGCTRL_X0Y0        BUFG (Prop_bufg_I_O)         0.026     0.816 r  clk_IBUF_BUFG_inst/O
                         net (fo=876, routed)         0.589     1.404    clk_IBUF_BUFG
    SLICE_X0Y17          FDRE                                         r  yin_r_reg[15]/C
  -------------------------------------------------------------------    -------------------
    SLICE_X0Y17          FDRE (Prop_fdre_C_Q)         0.141     1.545 r  yin_r_reg[15]/Q
                         net (fo=2, routed)           0.099     1.644    stage[0].ci/y_reg[15]_0[15]
    SLICE_X1Y17          LUT4 (Prop_lut4_I3_O)        0.045     1.689 r  stage[0].ci/y[15]_i_1/O
                         net (fo=1, routed)           0.000     1.689    stage[0].ci/y_1[15]
    SLICE_X1Y17          FDRE                                         r  stage[0].ci/y_reg[15]/D
  -------------------------------------------------------------------    -------------------

                         (clock clk rise edge)        0.000     0.000 r  
    U4                                                0.000     0.000 r  clk (IN)
                         net (fo=0)                   0.000     0.000    clk
    U4                   IBUF (Prop_ibuf_I_O)         0.347     0.347 r  clk_IBUF_inst/O
                         net (fo=1, routed)           0.685     1.032    clk_IBUF
    BUFGCTRL_X0Y0        BUFG (Prop_bufg_I_O)         0.029     1.061 r  clk_IBUF_BUFG_inst/O
                         net (fo=876, routed)         0.858     1.918    stage[0].ci/CLK
    SLICE_X1Y17          FDRE                                         r  stage[0].ci/y_reg[15]/C
                         clock pessimism             -0.501     1.417    
    SLICE_X1Y17          FDRE (Hold_fdre_C_D)         0.092     1.509    stage[0].ci/y_reg[15]
  -------------------------------------------------------------------
                         required time                         -1.509    
                         arrival time                           1.689    
  -------------------------------------------------------------------
                         slack                                  0.180    

Slack (MET) :             0.195ns  (arrival time - required time)
  Source:                 stage[9].ci/x_reg[7]/C
                            (rising edge-triggered cell FDRE clocked by clk  {rise@0.000ns fall@5.000ns period=10.000ns})
  Destination:            stage[10].ci/x_reg[7]/D
                            (rising edge-triggered cell FDRE clocked by clk  {rise@0.000ns fall@5.000ns period=10.000ns})
  Path Group:             clk
  Path Type:              Hold (Min at Fast Process Corner)
  Requirement:            0.000ns  (clk rise@0.000ns - clk rise@0.000ns)
  Data Path Delay:        0.342ns  (logic 0.250ns (73.035%)  route 0.092ns (26.965%))
  Logic Levels:           2  (CARRY4=1 LUT4=1)
  Clock Path Skew:        0.013ns (DCD - SCD - CPR)
    Destination Clock Delay (DCD):    1.888ns
    Source Clock Delay      (SCD):    1.375ns
    Clock Pessimism Removal (CPR):    0.500ns

    Location             Delay type                Incr(ns)  Path(ns)    Netlist Resource(s)
  -------------------------------------------------------------------    -------------------
                         (clock clk rise edge)        0.000     0.000 r  
    U4                                                0.000     0.000 r  clk (IN)
                         net (fo=0)                   0.000     0.000    clk
    U4                   IBUF (Prop_ibuf_I_O)         0.158     0.158 r  clk_IBUF_inst/O
                         net (fo=1, routed)           0.631     0.790    clk_IBUF
    BUFGCTRL_X0Y0        BUFG (Prop_bufg_I_O)         0.026     0.816 r  clk_IBUF_BUFG_inst/O
                         net (fo=876, routed)         0.560     1.375    stage[9].ci/CLK
    SLICE_X9Y17          FDRE                                         r  stage[9].ci/x_reg[7]/C
  -------------------------------------------------------------------    -------------------
    SLICE_X9Y17          FDRE (Prop_fdre_C_Q)         0.141     1.516 r  stage[9].ci/x_reg[7]/Q
                         net (fo=2, routed)           0.092     1.608    stage[9].ci/cs/y_reg[11]_0[7]
    SLICE_X8Y17          LUT4 (Prop_lut4_I0_O)        0.045     1.653 r  stage[9].ci/cs/x_next0_carry__0__8_i_1/O
                         net (fo=1, routed)           0.000     1.653    stage[9].ci_n_55
    SLICE_X8Y17          CARRY4 (Prop_carry4_S[3]_O[3])
                                                      0.064     1.717 r  cs/x_next0_carry__0__8/O[3]
                         net (fo=1, routed)           0.000     1.717    stage[10].ci/x_out[7]
    SLICE_X8Y17          FDRE                                         r  stage[10].ci/x_reg[7]/D
  -------------------------------------------------------------------    -------------------

                         (clock clk rise edge)        0.000     0.000 r  
    U4                                                0.000     0.000 r  clk (IN)
                         net (fo=0)                   0.000     0.000    clk
    U4                   IBUF (Prop_ibuf_I_O)         0.347     0.347 r  clk_IBUF_inst/O
                         net (fo=1, routed)           0.685     1.032    clk_IBUF
    BUFGCTRL_X0Y0        BUFG (Prop_bufg_I_O)         0.029     1.061 r  clk_IBUF_BUFG_inst/O
                         net (fo=876, routed)         0.828     1.888    stage[10].ci/CLK
    SLICE_X8Y17          FDRE                                         r  stage[10].ci/x_reg[7]/C
                         clock pessimism             -0.500     1.388    
    SLICE_X8Y17          FDRE (Hold_fdre_C_D)         0.134     1.522    stage[10].ci/x_reg[7]
  -------------------------------------------------------------------
                         required time                         -1.522    
                         arrival time                           1.717    
  -------------------------------------------------------------------
                         slack                                  0.195    

Slack (MET) :             0.195ns  (arrival time - required time)
  Source:                 stage[9].ci/x_reg[3]/C
                            (rising edge-triggered cell FDRE clocked by clk  {rise@0.000ns fall@5.000ns period=10.000ns})
  Destination:            stage[10].ci/x_reg[3]/D
                            (rising edge-triggered cell FDRE clocked by clk  {rise@0.000ns fall@5.000ns period=10.000ns})
  Path Group:             clk
  Path Type:              Hold (Min at Fast Process Corner)
  Requirement:            0.000ns  (clk rise@0.000ns - clk rise@0.000ns)
  Data Path Delay:        0.342ns  (logic 0.250ns (73.035%)  route 0.092ns (26.965%))
  Logic Levels:           2  (CARRY4=1 LUT5=1)
  Clock Path Skew:        0.013ns (DCD - SCD - CPR)
    Destination Clock Delay (DCD):    1.889ns
    Source Clock Delay      (SCD):    1.376ns
    Clock Pessimism Removal (CPR):    0.500ns

    Location             Delay type                Incr(ns)  Path(ns)    Netlist Resource(s)
  -------------------------------------------------------------------    -------------------
                         (clock clk rise edge)        0.000     0.000 r  
    U4                                                0.000     0.000 r  clk (IN)
                         net (fo=0)                   0.000     0.000    clk
    U4                   IBUF (Prop_ibuf_I_O)         0.158     0.158 r  clk_IBUF_inst/O
                         net (fo=1, routed)           0.631     0.790    clk_IBUF
    BUFGCTRL_X0Y0        BUFG (Prop_bufg_I_O)         0.026     0.816 r  clk_IBUF_BUFG_inst/O
                         net (fo=876, routed)         0.561     1.376    stage[9].ci/CLK
    SLICE_X9Y16          FDRE                                         r  stage[9].ci/x_reg[3]/C
  -------------------------------------------------------------------    -------------------
    SLICE_X9Y16          FDRE (Prop_fdre_C_Q)         0.141     1.517 r  stage[9].ci/x_reg[3]/Q
                         net (fo=2, routed)           0.092     1.609    stage[9].ci/cs/y_reg[11]_0[3]
    SLICE_X8Y16          LUT5 (Prop_lut5_I0_O)        0.045     1.654 r  stage[9].ci/cs/x_next0_carry__11_i_2/O
                         net (fo=1, routed)           0.000     1.654    stage[9].ci_n_59
    SLICE_X8Y16          CARRY4 (Prop_carry4_S[3]_O[3])
                                                      0.064     1.718 r  cs/x_next0_carry__11/O[3]
                         net (fo=1, routed)           0.000     1.718    stage[10].ci/x_out[3]
    SLICE_X8Y16          FDRE                                         r  stage[10].ci/x_reg[3]/D
  -------------------------------------------------------------------    -------------------

                         (clock clk rise edge)        0.000     0.000 r  
    U4                                                0.000     0.000 r  clk (IN)
                         net (fo=0)                   0.000     0.000    clk
    U4                   IBUF (Prop_ibuf_I_O)         0.347     0.347 r  clk_IBUF_inst/O
                         net (fo=1, routed)           0.685     1.032    clk_IBUF
    BUFGCTRL_X0Y0        BUFG (Prop_bufg_I_O)         0.029     1.061 r  clk_IBUF_BUFG_inst/O
                         net (fo=876, routed)         0.829     1.889    stage[10].ci/CLK
    SLICE_X8Y16          FDRE                                         r  stage[10].ci/x_reg[3]/C
                         clock pessimism             -0.500     1.389    
    SLICE_X8Y16          FDRE (Hold_fdre_C_D)         0.134     1.523    stage[10].ci/x_reg[3]
  -------------------------------------------------------------------
                         required time                         -1.523    
                         arrival time                           1.718    
  -------------------------------------------------------------------
                         slack                                  0.195    

Slack (MET) :             0.195ns  (arrival time - required time)
  Source:                 stage[11].ci/y_reg[11]/C
                            (rising edge-triggered cell FDRE clocked by clk  {rise@0.000ns fall@5.000ns period=10.000ns})
  Destination:            stage[12].ci/y_reg[11]/D
                            (rising edge-triggered cell FDRE clocked by clk  {rise@0.000ns fall@5.000ns period=10.000ns})
  Path Group:             clk
  Path Type:              Hold (Min at Fast Process Corner)
  Requirement:            0.000ns  (clk rise@0.000ns - clk rise@0.000ns)
  Data Path Delay:        0.342ns  (logic 0.250ns (73.035%)  route 0.092ns (26.965%))
  Logic Levels:           2  (CARRY4=1 LUT5=1)
  Clock Path Skew:        0.013ns (DCD - SCD - CPR)
    Destination Clock Delay (DCD):    1.913ns
    Source Clock Delay      (SCD):    1.399ns
    Clock Pessimism Removal (CPR):    0.501ns

    Location             Delay type                Incr(ns)  Path(ns)    Netlist Resource(s)
  -------------------------------------------------------------------    -------------------
                         (clock clk rise edge)        0.000     0.000 r  
    U4                                                0.000     0.000 r  clk (IN)
                         net (fo=0)                   0.000     0.000    clk
    U4                   IBUF (Prop_ibuf_I_O)         0.158     0.158 r  clk_IBUF_inst/O
                         net (fo=1, routed)           0.631     0.790    clk_IBUF
    BUFGCTRL_X0Y0        BUFG (Prop_bufg_I_O)         0.026     0.816 r  clk_IBUF_BUFG_inst/O
                         net (fo=876, routed)         0.584     1.399    stage[11].ci/CLK
    SLICE_X7Y20          FDRE                                         r  stage[11].ci/y_reg[11]/C
  -------------------------------------------------------------------    -------------------
    SLICE_X7Y20          FDRE (Prop_fdre_C_Q)         0.141     1.540 r  stage[11].ci/y_reg[11]/Q
                         net (fo=3, routed)           0.092     1.632    stage[11].ci/cs/Q[11]
    SLICE_X6Y20          LUT5 (Prop_lut5_I0_O)        0.045     1.677 r  stage[11].ci/cs/y_next0_carry__1__10_i_1/O
                         net (fo=1, routed)           0.000     1.677    stage[11].ci_n_43
    SLICE_X6Y20          CARRY4 (Prop_carry4_S[3]_O[3])
                                                      0.064     1.741 r  cs/y_next0_carry__1__10/O[3]
                         net (fo=1, routed)           0.000     1.741    stage[12].ci/y_reg[15]_1[11]
    SLICE_X6Y20          FDRE                                         r  stage[12].ci/y_reg[11]/D
  -------------------------------------------------------------------    -------------------

                         (clock clk rise edge)        0.000     0.000 r  
    U4                                                0.000     0.000 r  clk (IN)
                         net (fo=0)                   0.000     0.000    clk
    U4                   IBUF (Prop_ibuf_I_O)         0.347     0.347 r  clk_IBUF_inst/O
                         net (fo=1, routed)           0.685     1.032    clk_IBUF
    BUFGCTRL_X0Y0        BUFG (Prop_bufg_I_O)         0.029     1.061 r  clk_IBUF_BUFG_inst/O
                         net (fo=876, routed)         0.853     1.913    stage[12].ci/CLK
    SLICE_X6Y20          FDRE                                         r  stage[12].ci/y_reg[11]/C
                         clock pessimism             -0.501     1.412    
    SLICE_X6Y20          FDRE (Hold_fdre_C_D)         0.134     1.546    stage[12].ci/y_reg[11]
  -------------------------------------------------------------------
                         required time                         -1.546    
                         arrival time                           1.741    
  -------------------------------------------------------------------
                         slack                                  0.195    

Slack (MET) :             0.196ns  (arrival time - required time)
  Source:                 stage[9].ci/x_reg[8]/C
                            (rising edge-triggered cell FDRE clocked by clk  {rise@0.000ns fall@5.000ns period=10.000ns})
  Destination:            stage[10].ci/x_reg[8]/D
                            (rising edge-triggered cell FDRE clocked by clk  {rise@0.000ns fall@5.000ns period=10.000ns})
  Path Group:             clk
  Path Type:              Hold (Min at Fast Process Corner)
  Requirement:            0.000ns  (clk rise@0.000ns - clk rise@0.000ns)
  Data Path Delay:        0.343ns  (logic 0.256ns (74.613%)  route 0.087ns (25.387%))
  Logic Levels:           2  (CARRY4=1 LUT4=1)
  Clock Path Skew:        0.013ns (DCD - SCD - CPR)
    Destination Clock Delay (DCD):    1.887ns
    Source Clock Delay      (SCD):    1.374ns
    Clock Pessimism Removal (CPR):    0.500ns

    Location             Delay type                Incr(ns)  Path(ns)    Netlist Resource(s)
  -------------------------------------------------------------------    -------------------
                         (clock clk rise edge)        0.000     0.000 r  
    U4                                                0.000     0.000 r  clk (IN)
                         net (fo=0)                   0.000     0.000    clk
    U4                   IBUF (Prop_ibuf_I_O)         0.158     0.158 r  clk_IBUF_inst/O
                         net (fo=1, routed)           0.631     0.790    clk_IBUF
    BUFGCTRL_X0Y0        BUFG (Prop_bufg_I_O)         0.026     0.816 r  clk_IBUF_BUFG_inst/O
                         net (fo=876, routed)         0.559     1.374    stage[9].ci/CLK
    SLICE_X9Y18          FDRE                                         r  stage[9].ci/x_reg[8]/C
  -------------------------------------------------------------------    -------------------
    SLICE_X9Y18          FDRE (Prop_fdre_C_Q)         0.141     1.515 r  stage[9].ci/x_reg[8]/Q
                         net (fo=2, routed)           0.087     1.602    stage[9].ci/cs/y_reg[11]_0[8]
    SLICE_X8Y18          LUT4 (Prop_lut4_I0_O)        0.045     1.647 r  stage[9].ci/cs/x_next0_carry__1__8_i_4/O
                         net (fo=1, routed)           0.000     1.647    stage[9].ci_n_50
    SLICE_X8Y18          CARRY4 (Prop_carry4_S[0]_O[0])
                                                      0.070     1.717 r  cs/x_next0_carry__1__8/O[0]
                         net (fo=1, routed)           0.000     1.717    stage[10].ci/x_out[8]
    SLICE_X8Y18          FDRE                                         r  stage[10].ci/x_reg[8]/D
  -------------------------------------------------------------------    -------------------

                         (clock clk rise edge)        0.000     0.000 r  
    U4                                                0.000     0.000 r  clk (IN)
                         net (fo=0)                   0.000     0.000    clk
    U4                   IBUF (Prop_ibuf_I_O)         0.347     0.347 r  clk_IBUF_inst/O
                         net (fo=1, routed)           0.685     1.032    clk_IBUF
    BUFGCTRL_X0Y0        BUFG (Prop_bufg_I_O)         0.029     1.061 r  clk_IBUF_BUFG_inst/O
                         net (fo=876, routed)         0.827     1.887    stage[10].ci/CLK
    SLICE_X8Y18          FDRE                                         r  stage[10].ci/x_reg[8]/C
                         clock pessimism             -0.500     1.387    
    SLICE_X8Y18          FDRE (Hold_fdre_C_D)         0.134     1.521    stage[10].ci/x_reg[8]
  -------------------------------------------------------------------
                         required time                         -1.521    
                         arrival time                           1.717    
  -------------------------------------------------------------------
                         slack                                  0.196    

Slack (MET) :             0.197ns  (arrival time - required time)
  Source:                 stage[9].ci/x_reg[15]/C
                            (rising edge-triggered cell FDRE clocked by clk  {rise@0.000ns fall@5.000ns period=10.000ns})
  Destination:            stage[10].ci/x_reg[15]/D
                            (rising edge-triggered cell FDRE clocked by clk  {rise@0.000ns fall@5.000ns period=10.000ns})
  Path Group:             clk
  Path Type:              Hold (Min at Fast Process Corner)
  Requirement:            0.000ns  (clk rise@0.000ns - clk rise@0.000ns)
  Data Path Delay:        0.344ns  (logic 0.250ns (72.575%)  route 0.094ns (27.425%))
  Logic Levels:           2  (CARRY4=1 LUT4=1)
  Clock Path Skew:        0.013ns (DCD - SCD - CPR)
    Destination Clock Delay (DCD):    1.886ns
    Source Clock Delay      (SCD):    1.373ns
    Clock Pessimism Removal (CPR):    0.500ns

    Location             Delay type                Incr(ns)  Path(ns)    Netlist Resource(s)
  -------------------------------------------------------------------    -------------------
                         (clock clk rise edge)        0.000     0.000 r  
    U4                                                0.000     0.000 r  clk (IN)
                         net (fo=0)                   0.000     0.000    clk
    U4                   IBUF (Prop_ibuf_I_O)         0.158     0.158 r  clk_IBUF_inst/O
                         net (fo=1, routed)           0.631     0.790    clk_IBUF
    BUFGCTRL_X0Y0        BUFG (Prop_bufg_I_O)         0.026     0.816 r  clk_IBUF_BUFG_inst/O
                         net (fo=876, routed)         0.558     1.373    stage[9].ci/CLK
    SLICE_X9Y19          FDRE                                         r  stage[9].ci/x_reg[15]/C
  -------------------------------------------------------------------    -------------------
    SLICE_X9Y19          FDRE (Prop_fdre_C_Q)         0.141     1.514 r  stage[9].ci/x_reg[15]/Q
                         net (fo=11, routed)          0.094     1.609    stage[9].ci/x[15]
    SLICE_X8Y19          LUT4 (Prop_lut4_I0_O)        0.045     1.654 r  stage[9].ci/x_next0_carry__2__8_i_1/O
                         net (fo=1, routed)           0.000     1.654    stage[9].ci/cs/S[3]
    SLICE_X8Y19          CARRY4 (Prop_carry4_S[3]_O[3])
                                                      0.064     1.718 r  stage[9].ci/cs/x_next0_carry__2__8/O[3]
                         net (fo=1, routed)           0.000     1.718    stage[10].ci/x_out[15]
    SLICE_X8Y19          FDRE                                         r  stage[10].ci/x_reg[15]/D
  -------------------------------------------------------------------    -------------------

                         (clock clk rise edge)        0.000     0.000 r  
    U4                                                0.000     0.000 r  clk (IN)
                         net (fo=0)                   0.000     0.000    clk
    U4                   IBUF (Prop_ibuf_I_O)         0.347     0.347 r  clk_IBUF_inst/O
                         net (fo=1, routed)           0.685     1.032    clk_IBUF
    BUFGCTRL_X0Y0        BUFG (Prop_bufg_I_O)         0.029     1.061 r  clk_IBUF_BUFG_inst/O
                         net (fo=876, routed)         0.826     1.886    stage[10].ci/CLK
    SLICE_X8Y19          FDRE                                         r  stage[10].ci/x_reg[15]/C
                         clock pessimism             -0.500     1.386    
    SLICE_X8Y19          FDRE (Hold_fdre_C_D)         0.134     1.520    stage[10].ci/x_reg[15]
  -------------------------------------------------------------------
                         required time                         -1.520    
                         arrival time                           1.718    
  -------------------------------------------------------------------
                         slack                                  0.197    

Slack (MET) :             0.198ns  (arrival time - required time)
  Source:                 yin_r_reg[8]/C
                            (rising edge-triggered cell FDRE clocked by clk  {rise@0.000ns fall@5.000ns period=10.000ns})
  Destination:            stage[0].ci/y_reg[8]/D
                            (rising edge-triggered cell FDRE clocked by clk  {rise@0.000ns fall@5.000ns period=10.000ns})
  Path Group:             clk
  Path Type:              Hold (Min at Fast Process Corner)
  Requirement:            0.000ns  (clk rise@0.000ns - clk rise@0.000ns)
  Data Path Delay:        0.303ns  (logic 0.209ns (68.923%)  route 0.094ns (31.077%))
  Logic Levels:           1  (LUT4=1)
  Clock Path Skew:        0.013ns (DCD - SCD - CPR)
    Destination Clock Delay (DCD):    1.921ns
    Source Clock Delay      (SCD):    1.406ns
    Clock Pessimism Removal (CPR):    0.502ns

    Location             Delay type                Incr(ns)  Path(ns)    Netlist Resource(s)
  -------------------------------------------------------------------    -------------------
                         (clock clk rise edge)        0.000     0.000 r  
    U4                                                0.000     0.000 r  clk (IN)
                         net (fo=0)                   0.000     0.000    clk
    U4                   IBUF (Prop_ibuf_I_O)         0.158     0.158 r  clk_IBUF_inst/O
                         net (fo=1, routed)           0.631     0.790    clk_IBUF
    BUFGCTRL_X0Y0        BUFG (Prop_bufg_I_O)         0.026     0.816 r  clk_IBUF_BUFG_inst/O
                         net (fo=876, routed)         0.591     1.406    clk_IBUF_BUFG
    SLICE_X2Y14          FDRE                                         r  yin_r_reg[8]/C
  -------------------------------------------------------------------    -------------------
    SLICE_X2Y14          FDRE (Prop_fdre_C_Q)         0.164     1.570 r  yin_r_reg[8]/Q
                         net (fo=2, routed)           0.094     1.664    stage[0].ci/y_reg[15]_0[8]
    SLICE_X3Y14          LUT4 (Prop_lut4_I3_O)        0.045     1.709 r  stage[0].ci/y[8]_i_1/O
                         net (fo=1, routed)           0.000     1.709    stage[0].ci/y_1[8]
    SLICE_X3Y14          FDRE                                         r  stage[0].ci/y_reg[8]/D
  -------------------------------------------------------------------    -------------------

                         (clock clk rise edge)        0.000     0.000 r  
    U4                                                0.000     0.000 r  clk (IN)
                         net (fo=0)                   0.000     0.000    clk
    U4                   IBUF (Prop_ibuf_I_O)         0.347     0.347 r  clk_IBUF_inst/O
                         net (fo=1, routed)           0.685     1.032    clk_IBUF
    BUFGCTRL_X0Y0        BUFG (Prop_bufg_I_O)         0.029     1.061 r  clk_IBUF_BUFG_inst/O
                         net (fo=876, routed)         0.861     1.921    stage[0].ci/CLK
    SLICE_X3Y14          FDRE                                         r  stage[0].ci/y_reg[8]/C
                         clock pessimism             -0.502     1.419    
    SLICE_X3Y14          FDRE (Hold_fdre_C_D)         0.092     1.511    stage[0].ci/y_reg[8]
  -------------------------------------------------------------------
                         required time                         -1.511    
                         arrival time                           1.709    
  -------------------------------------------------------------------
                         slack                                  0.198    

Slack (MET) :             0.208ns  (arrival time - required time)
  Source:                 xin_r_reg[3]/C
                            (rising edge-triggered cell FDRE clocked by clk  {rise@0.000ns fall@5.000ns period=10.000ns})
  Destination:            stage[0].ci/x_reg[3]/D
                            (rising edge-triggered cell FDRE clocked by clk  {rise@0.000ns fall@5.000ns period=10.000ns})
  Path Group:             clk
  Path Type:              Hold (Min at Fast Process Corner)
  Requirement:            0.000ns  (clk rise@0.000ns - clk rise@0.000ns)
  Data Path Delay:        0.314ns  (logic 0.209ns (66.550%)  route 0.105ns (33.450%))
  Logic Levels:           1  (LUT4=1)
  Clock Path Skew:        0.014ns (DCD - SCD - CPR)
    Destination Clock Delay (DCD):    1.918ns
    Source Clock Delay      (SCD):    1.404ns
    Clock Pessimism Removal (CPR):    0.500ns

    Location             Delay type                Incr(ns)  Path(ns)    Netlist Resource(s)
  -------------------------------------------------------------------    -------------------
                         (clock clk rise edge)        0.000     0.000 r  
    U4                                                0.000     0.000 r  clk (IN)
                         net (fo=0)                   0.000     0.000    clk
    U4                   IBUF (Prop_ibuf_I_O)         0.158     0.158 r  clk_IBUF_inst/O
                         net (fo=1, routed)           0.631     0.790    clk_IBUF
    BUFGCTRL_X0Y0        BUFG (Prop_bufg_I_O)         0.026     0.816 r  clk_IBUF_BUFG_inst/O
                         net (fo=876, routed)         0.589     1.404    clk_IBUF_BUFG
    SLICE_X6Y15          FDRE                                         r  xin_r_reg[3]/C
  -------------------------------------------------------------------    -------------------
    SLICE_X6Y15          FDRE (Prop_fdre_C_Q)         0.164     1.568 r  xin_r_reg[3]/Q
                         net (fo=2, routed)           0.105     1.673    stage[0].ci/x_reg[14]_0[3]
    SLICE_X5Y15          LUT4 (Prop_lut4_I3_O)        0.045     1.718 r  stage[0].ci/x[3]_i_1/O
                         net (fo=1, routed)           0.000     1.718    stage[0].ci/x_1[3]
    SLICE_X5Y15          FDRE                                         r  stage[0].ci/x_reg[3]/D
  -------------------------------------------------------------------    -------------------

                         (clock clk rise edge)        0.000     0.000 r  
    U4                                                0.000     0.000 r  clk (IN)
                         net (fo=0)                   0.000     0.000    clk
    U4                   IBUF (Prop_ibuf_I_O)         0.347     0.347 r  clk_IBUF_inst/O
                         net (fo=1, routed)           0.685     1.032    clk_IBUF
    BUFGCTRL_X0Y0        BUFG (Prop_bufg_I_O)         0.029     1.061 r  clk_IBUF_BUFG_inst/O
                         net (fo=876, routed)         0.858     1.918    stage[0].ci/CLK
    SLICE_X5Y15          FDRE                                         r  stage[0].ci/x_reg[3]/C
                         clock pessimism             -0.500     1.418    
    SLICE_X5Y15          FDRE (Hold_fdre_C_D)         0.092     1.510    stage[0].ci/x_reg[3]
  -------------------------------------------------------------------
                         required time                         -1.510    
                         arrival time                           1.718    
  -------------------------------------------------------------------
                         slack                                  0.208    

Slack (MET) :             0.208ns  (arrival time - required time)
  Source:                 stage[11].ci/y_reg[4]/C
                            (rising edge-triggered cell FDRE clocked by clk  {rise@0.000ns fall@5.000ns period=10.000ns})
  Destination:            stage[12].ci/y_reg[4]/D
                            (rising edge-triggered cell FDRE clocked by clk  {rise@0.000ns fall@5.000ns period=10.000ns})
  Path Group:             clk
  Path Type:              Hold (Min at Fast Process Corner)
  Requirement:            0.000ns  (clk rise@0.000ns - clk rise@0.000ns)
  Data Path Delay:        0.355ns  (logic 0.256ns (72.064%)  route 0.099ns (27.936%))
  Logic Levels:           2  (CARRY4=1 LUT5=1)
  Clock Path Skew:        0.013ns (DCD - SCD - CPR)
    Destination Clock Delay (DCD):    1.914ns
    Source Clock Delay      (SCD):    1.400ns
    Clock Pessimism Removal (CPR):    0.501ns

    Location             Delay type                Incr(ns)  Path(ns)    Netlist Resource(s)
  -------------------------------------------------------------------    -------------------
                         (clock clk rise edge)        0.000     0.000 r  
    U4                                                0.000     0.000 r  clk (IN)
                         net (fo=0)                   0.000     0.000    clk
    U4                   IBUF (Prop_ibuf_I_O)         0.158     0.158 r  clk_IBUF_inst/O
                         net (fo=1, routed)           0.631     0.790    clk_IBUF
    BUFGCTRL_X0Y0        BUFG (Prop_bufg_I_O)         0.026     0.816 r  clk_IBUF_BUFG_inst/O
                         net (fo=876, routed)         0.585     1.400    stage[11].ci/CLK
    SLICE_X7Y19          FDRE                                         r  stage[11].ci/y_reg[4]/C
  -------------------------------------------------------------------    -------------------
    SLICE_X7Y19          FDRE (Prop_fdre_C_Q)         0.141     1.541 r  stage[11].ci/y_reg[4]/Q
                         net (fo=2, routed)           0.099     1.640    stage[11].ci/cs/Q[4]
    SLICE_X6Y19          LUT5 (Prop_lut5_I0_O)        0.045     1.685 r  stage[11].ci/cs/y_next0_carry__0__10_i_4/O
                         net (fo=1, routed)           0.000     1.685    stage[11].ci_n_54
    SLICE_X6Y19          CARRY4 (Prop_carry4_S[0]_O[0])
                                                      0.070     1.755 r  cs/y_next0_carry__0__10/O[0]
                         net (fo=1, routed)           0.000     1.755    stage[12].ci/y_reg[15]_1[4]
    SLICE_X6Y19          FDRE                                         r  stage[12].ci/y_reg[4]/D
  -------------------------------------------------------------------    -------------------

                         (clock clk rise edge)        0.000     0.000 r  
    U4                                                0.000     0.000 r  clk (IN)
                         net (fo=0)                   0.000     0.000    clk
    U4                   IBUF (Prop_ibuf_I_O)         0.347     0.347 r  clk_IBUF_inst/O
                         net (fo=1, routed)           0.685     1.032    clk_IBUF
    BUFGCTRL_X0Y0        BUFG (Prop_bufg_I_O)         0.029     1.061 r  clk_IBUF_BUFG_inst/O
                         net (fo=876, routed)         0.854     1.914    stage[12].ci/CLK
    SLICE_X6Y19          FDRE                                         r  stage[12].ci/y_reg[4]/C
                         clock pessimism             -0.501     1.413    
    SLICE_X6Y19          FDRE (Hold_fdre_C_D)         0.134     1.547    stage[12].ci/y_reg[4]
  -------------------------------------------------------------------
                         required time                         -1.547    
                         arrival time                           1.755    
  -------------------------------------------------------------------
                         slack                                  0.208    

Slack (MET) :             0.208ns  (arrival time - required time)
  Source:                 stage[9].ci/x_reg[4]/C
                            (rising edge-triggered cell FDRE clocked by clk  {rise@0.000ns fall@5.000ns period=10.000ns})
  Destination:            stage[10].ci/x_reg[4]/D
                            (rising edge-triggered cell FDRE clocked by clk  {rise@0.000ns fall@5.000ns period=10.000ns})
  Path Group:             clk
  Path Type:              Hold (Min at Fast Process Corner)
  Requirement:            0.000ns  (clk rise@0.000ns - clk rise@0.000ns)
  Data Path Delay:        0.355ns  (logic 0.256ns (72.051%)  route 0.099ns (27.949%))
  Logic Levels:           2  (CARRY4=1 LUT5=1)
  Clock Path Skew:        0.013ns (DCD - SCD - CPR)
    Destination Clock Delay (DCD):    1.888ns
    Source Clock Delay      (SCD):    1.375ns
    Clock Pessimism Removal (CPR):    0.500ns

    Location             Delay type                Incr(ns)  Path(ns)    Netlist Resource(s)
  -------------------------------------------------------------------    -------------------
                         (clock clk rise edge)        0.000     0.000 r  
    U4                                                0.000     0.000 r  clk (IN)
                         net (fo=0)                   0.000     0.000    clk
    U4                   IBUF (Prop_ibuf_I_O)         0.158     0.158 r  clk_IBUF_inst/O
                         net (fo=1, routed)           0.631     0.790    clk_IBUF
    BUFGCTRL_X0Y0        BUFG (Prop_bufg_I_O)         0.026     0.816 r  clk_IBUF_BUFG_inst/O
                         net (fo=876, routed)         0.560     1.375    stage[9].ci/CLK
    SLICE_X9Y17          FDRE                                         r  stage[9].ci/x_reg[4]/C
  -------------------------------------------------------------------    -------------------
    SLICE_X9Y17          FDRE (Prop_fdre_C_Q)         0.141     1.516 r  stage[9].ci/x_reg[4]/Q
                         net (fo=2, routed)           0.099     1.615    stage[9].ci/cs/y_reg[11]_0[4]
    SLICE_X8Y17          LUT5 (Prop_lut5_I0_O)        0.045     1.660 r  stage[9].ci/cs/x_next0_carry__0__8_i_4/O
                         net (fo=1, routed)           0.000     1.660    stage[9].ci_n_58
    SLICE_X8Y17          CARRY4 (Prop_carry4_S[0]_O[0])
                                                      0.070     1.730 r  cs/x_next0_carry__0__8/O[0]
                         net (fo=1, routed)           0.000     1.730    stage[10].ci/x_out[4]
    SLICE_X8Y17          FDRE                                         r  stage[10].ci/x_reg[4]/D
  -------------------------------------------------------------------    -------------------

                         (clock clk rise edge)        0.000     0.000 r  
    U4                                                0.000     0.000 r  clk (IN)
                         net (fo=0)                   0.000     0.000    clk
    U4                   IBUF (Prop_ibuf_I_O)         0.347     0.347 r  clk_IBUF_inst/O
                         net (fo=1, routed)           0.685     1.032    clk_IBUF
    BUFGCTRL_X0Y0        BUFG (Prop_bufg_I_O)         0.029     1.061 r  clk_IBUF_BUFG_inst/O
                         net (fo=876, routed)         0.828     1.888    stage[10].ci/CLK
    SLICE_X8Y17          FDRE                                         r  stage[10].ci/x_reg[4]/C
                         clock pessimism             -0.500     1.388    
    SLICE_X8Y17          FDRE (Hold_fdre_C_D)         0.134     1.522    stage[10].ci/x_reg[4]
  -------------------------------------------------------------------
                         required time                         -1.522    
                         arrival time                           1.730    
  -------------------------------------------------------------------
                         slack                                  0.208    





Pulse Width Checks
--------------------------------------------------------------------------------------
Clock Name:         clk
Waveform(ns):       { 0.000 5.000 }
Period(ns):         10.000
Sources:            { clk }

Check Type        Corner  Lib Pin     Reference Pin  Required(ns)  Actual(ns)  Slack(ns)  Location       Pin
Min Period        n/a     BUFG/I      n/a            2.155         10.000      7.845      BUFGCTRL_X0Y0  clk_IBUF_BUFG_inst/I
Min Period        n/a     FDRE/C      n/a            1.000         10.000      9.000      SLICE_X2Y20    flip_stageN_reg/C
Min Period        n/a     FDRE/C      n/a            1.000         10.000      9.000      SLICE_X4Y26    mode_stageN_reg/C
Min Period        n/a     FDRE/C      n/a            1.000         10.000      9.000      SLICE_X8Y22    modein_r_reg/C
Min Period        n/a     FDRE/C      n/a            1.000         10.000      9.000      SLICE_X3Y30    x_reg[0]/C
Min Period        n/a     FDRE/C      n/a            1.000         10.000      9.000      SLICE_X3Y32    x_reg[10]/C
Min Period        n/a     FDRE/C      n/a            1.000         10.000      9.000      SLICE_X3Y32    x_reg[11]/C
Min Period        n/a     FDRE/C      n/a            1.000         10.000      9.000      SLICE_X3Y33    x_reg[12]/C
Min Period        n/a     FDRE/C      n/a            1.000         10.000      9.000      SLICE_X3Y33    x_reg[13]/C
Min Period        n/a     FDRE/C      n/a            1.000         10.000      9.000      SLICE_X3Y33    x_reg[14]/C
Low Pulse Width   Slow    SRL16E/CLK  n/a            0.980         5.000       4.020      SLICE_X2Y20    flip_pipe_reg[13]_srl14/CLK
Low Pulse Width   Fast    SRL16E/CLK  n/a            0.980         5.000       4.020      SLICE_X2Y20    flip_pipe_reg[13]_srl14/CLK
Low Pulse Width   Slow    FDRE/C      n/a            0.500         5.000       4.500      SLICE_X2Y20    flip_stageN_reg/C
Low Pulse Width   Fast    FDRE/C      n/a            0.500         5.000       4.500      SLICE_X2Y20    flip_stageN_reg/C
Low Pulse Width   Slow    FDRE/C      n/a            0.500         5.000       4.500      SLICE_X4Y26    mode_stageN_reg/C
Low Pulse Width   Fast    FDRE/C      n/a            0.500         5.000       4.500      SLICE_X4Y26    mode_stageN_reg/C
Low Pulse Width   Slow    FDRE/C      n/a            0.500         5.000       4.500      SLICE_X8Y22    modein_r_reg/C
Low Pulse Width   Fast    FDRE/C      n/a            0.500         5.000       4.500      SLICE_X8Y22    modein_r_reg/C
Low Pulse Width   Slow    FDRE/C      n/a            0.500         5.000       4.500      SLICE_X3Y30    x_reg[0]/C
Low Pulse Width   Fast    FDRE/C      n/a            0.500         5.000       4.500      SLICE_X3Y30    x_reg[0]/C
High Pulse Width  Slow    SRL16E/CLK  n/a            0.980         5.000       4.020      SLICE_X2Y20    flip_pipe_reg[13]_srl14/CLK
High Pulse Width  Fast    SRL16E/CLK  n/a            0.980         5.000       4.020      SLICE_X2Y20    flip_pipe_reg[13]_srl14/CLK
High Pulse Width  Slow    FDRE/C      n/a            0.500         5.000       4.500      SLICE_X2Y20    flip_stageN_reg/C
High Pulse Width  Fast    FDRE/C      n/a            0.500         5.000       4.500      SLICE_X2Y20    flip_stageN_reg/C
High Pulse Width  Slow    FDRE/C      n/a            0.500         5.000       4.500      SLICE_X4Y26    mode_stageN_reg/C
High Pulse Width  Fast    FDRE/C      n/a            0.500         5.000       4.500      SLICE_X4Y26    mode_stageN_reg/C
High Pulse Width  Slow    FDRE/C      n/a            0.500         5.000       4.500      SLICE_X8Y22    modein_r_reg/C
High Pulse Width  Fast    FDRE/C      n/a            0.500         5.000       4.500      SLICE_X8Y22    modein_r_reg/C
High Pulse Width  Slow    FDRE/C      n/a            0.500         5.000       4.500      SLICE_X3Y30    x_reg[0]/C
High Pulse Width  Fast    FDRE/C      n/a            0.500         5.000       4.500      SLICE_X3Y30    x_reg[0]/C



